{"stats":{"minecraft:killed":{"minecraft:spider":3,"minecraft:skeleton":6,"minecraft:horse":1,"minecraft:chicken":5,"minecraft:wolf":1,"minecraft:pig":5,"minecraft:rabbit":1,"minecraft:bat":1,"minecraft:squid":5,"minecraft:sheep":2,"minecraft:zombie":8},"minecraft:dropped":{"minecraft:water_bucket":1,"minecraft:iron_ingot":1,"minecraft:short_grass":5,"minecraft:cherry_log":1,"minecraft:cooked_porkchop":6,"minecraft:cobblestone":714,"minecraft:gray_concrete":9,"minecraft:dirt":41,"minecraft:sand":1,"minecraft:iron_pickaxe":4,"minecraft:pink_petals":4,"minecraft:stone_axe":1,"minecraft:diamond_chestplate":1,"minecraft:diamond_pickaxe":2,"minecraft:andesite":19},"minecraft:crafted":{"minecraft:cherry_planks":132,"minecraft:black_dye":11,"minecraft:wooden_sword":1,"minecraft:cherry_wood":6,"minecraft:cherry_slab":12,"minecraft:cooked_chicken":4,"minecraft:furnace":1,"minecraft:gray_dye":16,"minecraft:bone_meal":42,"minecraft:cooked_mutton":3,"minecraft:glass":8,"minecraft:white_concrete_powder":192,"minecraft:iron_boots":1,"minecraft:iron_axe":1,"minecraft:cherry_stairs":4,"minecraft:stone_pickaxe":7,"minecraft:chest":2,"minecraft:cooked_rabbit":1,"minecraft:cooked_porkchop":15,"minecraft:crafting_table":1,"minecraft:wooden_pickaxe":2,"minecraft:iron_sword":1,"minecraft:smithing_table":1,"minecraft:gray_concrete_powder":88,"minecraft:copper_ingot":6,"minecraft:bucket":2,"minecraft:stone_axe":1,"minecraft:iron_chestplate":1,"minecraft:diamond_pickaxe":1,"minecraft:white_dye":32,"minecraft:stick":92,"minecraft:iron_ingot":57,"minecraft:iron_pickaxe":9,"minecraft:wooden_axe":2,"minecraft:stone_sword":2,"minecraft:cherry_door":2,"minecraft:gold_ingot":13,"minecraft:torch":48,"minecraft:shears":1},"minecraft:broken":{"minecraft:wooden_pickaxe":1,"minecraft:stone_pickaxe":7,"minecraft:iron_pickaxe":5},"minecraft:killed_by":{"minecraft:player":1,"minecraft:creeper":1,"minecraft:zombie":1},"minecraft:picked_up":{"minecraft:iron_chestplate":2,"minecraft:chicken":6,"minecraft:smithing_table":1,"minecraft:amethyst_block":40,"minecraft:soul_soil":1,"minecraft:string":2,"minecraft:raw_copper":26,"minecraft:cobbled_deepslate":139,"minecraft:calcite":25,"minecraft:iron_nugget":1,"minecraft:iron_pickaxe":8,"minecraft:light_gray_wool":1,"minecraft:furnace":2,"minecraft:iron_boots":3,"minecraft:egg":5,"minecraft:stick":21,"minecraft:raw_iron":75,"minecraft:stone":28,"minecraft:cherry_stairs":3,"minecraft:torch":256,"minecraft:porkchop":11,"minecraft:cherry_log":52,"minecraft:pointed_dripstone":20,"minecraft:diorite":86,"minecraft:redstone":58,"minecraft:stone_sword":4,"minecraft:diamond_chestplate":2,"minecraft:arrow":8,"minecraft:rotten_flesh":8,"minecraft:shears":2,"minecraft:diamond_boots":1,"minecraft:mutton":3,"minecraft:rail":1,"minecraft:white_wool":2,"minecraft:cobblestone":2056,"minecraft:pink_petals":287,"minecraft:magma_block":8,"minecraft:feather":14,"minecraft:cherry_planks":12,"minecraft:water_bucket":2,"minecraft:andesite":442,"minecraft:golden_leggings":1,"minecraft:potato":46,"minecraft:birch_planks":137,"minecraft:flint":12,"minecraft:tuff":63,"minecraft:oak_log":14,"minecraft:gray_concrete":83,"minecraft:lapis_lazuli":103,"minecraft:cherry_door":1,"minecraft:dirt":1211,"minecraft:white_banner":2,"minecraft:gray_concrete_powder":3,"minecraft:glass":39,"minecraft:bone":19,"minecraft:wheat_seeds":10,"minecraft:raw_gold":13,"minecraft:iron_ingot":14,"minecraft:rabbit":1,"minecraft:iron_sword":3,"minecraft:smooth_basalt":9,"minecraft:cooked_porkchop":7,"minecraft:pumpkin":1,"minecraft:dandelion":1,"minecraft:dripstone_block":9,"minecraft:gravel":95,"minecraft:sand":187,"minecraft:amethyst_shard":18,"minecraft:ink_sac":20,"minecraft:white_bed":2,"minecraft:grass_block":3,"minecraft:white_concrete_powder":8,"minecraft:diamond":14,"minecraft:stone_axe":3,"minecraft:short_grass":5,"minecraft:cherry_wood":4,"minecraft:granite":49,"minecraft:bone_meal":29,"minecraft:gray_wool":1,"minecraft:white_concrete":114,"minecraft:emerald":4,"minecraft:cherry_slab":7,"minecraft:netherrack":6,"minecraft:coal":253,"minecraft:diamond_pickaxe":6},"minecraft:mined":{"minecraft:tuff":9,"minecraft:white_bed":2,"minecraft:cherry_log":49,"minecraft:glow_lichen":4,"minecraft:granite":49,"minecraft:budding_amethyst":7,"minecraft:grass_block":348,"minecraft:white_concrete":88,"minecraft:soul_campfire":1,"minecraft:white_concrete_powder":8,"minecraft:magma_block":8,"minecraft:redstone_ore":4,"minecraft:furnace":2,"minecraft:iron_ore":66,"minecraft:andesite":429,"minecraft:pumpkin":1,"minecraft:deepslate_lapis_ore":2,"minecraft:pointed_dripstone":13,"minecraft:deepslate_iron_ore":8,"minecraft:dirt_path":24,"minecraft:stone":1771,"minecraft:cherry_stairs":3,"minecraft:smithing_table":1,"minecraft:deepslate_redstone_ore":7,"minecraft:gray_concrete":75,"minecraft:medium_amethyst_bud":1,"minecraft:torch":18,"minecraft:short_grass":24,"minecraft:emerald_ore":2,"minecraft:calcite":27,"minecraft:tall_grass":7,"minecraft:copper_ore":9,"minecraft:cobblestone":23,"minecraft:deepslate_coal_ore":2,"minecraft:lapis_ore":5,"minecraft:deepslate_gold_ore":11,"minecraft:diorite":100,"minecraft:wall_torch":43,"minecraft:amethyst_block":42,"minecraft:cherry_slab":6,"minecraft:pink_petals":28,"minecraft:birch_planks":137,"minecraft:gray_concrete_powder":3,"minecraft:bee_nest":1,"minecraft:oak_log":5,"minecraft:coal_ore":201,"minecraft:cherry_leaves":2,"minecraft:dripstone_block":10,"minecraft:gravel":100,"minecraft:sand":191,"minecraft:dirt":686,"minecraft:smooth_basalt":10,"minecraft:netherrack":6,"minecraft:oak_leaves":2,"minecraft:deepslate":138},"minecraft:custom":{"minecraft:interact_with_smithing_table":7,"minecraft:mob_kills":39,"minecraft:interact_with_crafting_table":70,"minecraft:open_barrel":4,"minecraft:leave_game":10,"minecraft:time_since_death":130740,"minecraft:sprint_one_cm":251429,"minecraft:walk_one_cm":2386821,"minecraft:drop":55,"minecraft:play_time":637352,"minecraft:sneak_time":194,"minecraft:deaths":8,"minecraft:walk_under_water_one_cm":92829,"minecraft:jump":4627,"minecraft:walk_on_water_one_cm":90140,"minecraft:total_world_time":637352,"minecraft:interact_with_furnace":31,"minecraft:interact_with_cartography_table":1,"minecraft:sleep_in_bed":12,"minecraft:time_since_rest":113198,"minecraft:damage_taken":4483,"minecraft:damage_dealt":5402,"minecraft:swim_one_cm":5564,"minecraft:fly_one_cm":58868,"minecraft:open_chest":159,"minecraft:crouch_one_cm":938,"minecraft:fall_one_cm":86697},"minecraft:used":{"minecraft:stone_sword":99,"minecraft:white_concrete_powder":160,"minecraft:chest":2,"minecraft:stone":8,"minecraft:iron_sword":29,"minecraft:cooked_chicken":4,"minecraft:rotten_flesh":1,"minecraft:netherrack":2,"minecraft:torch":154,"minecraft:dirt":729,"minecraft:granite":7,"minecraft:wooden_axe":16,"minecraft:lava_bucket":1,"minecraft:iron_axe":2,"minecraft:grass_block":3,"minecraft:cherry_slab":15,"minecraft:gray_concrete_powder":75,"minecraft:furnace":3,"minecraft:potato":34,"minecraft:cobbled_deepslate":1,"minecraft:calcite":5,"minecraft:cooked_mutton":3,"minecraft:water_bucket":70,"minecraft:diorite":40,"minecraft:birch_planks":201,"minecraft:stone_pickaxe":928,"minecraft:baked_potato":10,"minecraft:wooden_pickaxe":59,"minecraft:sand":2,"minecraft:rail":1,"minecraft:crafting_table":1,"minecraft:white_bed":2,"minecraft:gray_concrete":74,"minecraft:shears":6,"minecraft:diamond_pickaxe":1866,"minecraft:apple":2,"minecraft:cherry_door":2,"minecraft:iron_pickaxe":1374,"minecraft:gravel":3,"minecraft:stone_axe":129,"minecraft:pink_petals":52,"minecraft:diamond_sword":3,"minecraft:wooden_sword":7,"minecraft:cobblestone":119,"minecraft:cherry_stairs":5,"minecraft:cooked_rabbit":1,"minecraft:cooked_porkchop":11,"minecraft:smithing_table":2,"minecraft:andesite":298,"minecraft:bucket":72,"minecraft:white_concrete":101}},"DataVersion":3700}