{"stats":{"minecraft:killed_by":{"minecraft:creeper":1,"minecraft:player":1},"minecraft:dropped":{"minecraft:soul_sand":2,"minecraft:glow_ink_sac":7,"minecraft:diamond":2,"minecraft:flint":1,"minecraft:dirt":4,"minecraft:iron_pickaxe":1,"minecraft:bone":9,"minecraft:spyglass":1,"minecraft:birch_sapling":1,"minecraft:oak_planks":8,"minecraft:poppy":5,"minecraft:gunpowder":3,"minecraft:water_bucket":2,"minecraft:stone_hoe":1,"minecraft:netherite_pickaxe":1,"minecraft:wheat_seeds":3,"minecraft:cobblestone":62,"minecraft:granite":1,"minecraft:bucket":1,"minecraft:dandelion":12,"minecraft:diamond_pickaxe":1,"minecraft:oak_sapling":14,"minecraft:wooden_pickaxe":2,"minecraft:raw_gold":19},"minecraft:picked_up":{"minecraft:chiseled_deepslate":1,"minecraft:iron_chestplate":1,"minecraft:wheat":906,"minecraft:diamond_sword":1,"minecraft:amethyst_block":54,"minecraft:polished_deepslate":5,"minecraft:string":27,"minecraft:raw_copper":256,"minecraft:soul_soil":17,"minecraft:iron_leggings":1,"minecraft:shroomlight":5,"minecraft:deepslate_tiles":30,"minecraft:gold_nugget":22,"minecraft:cobbled_deepslate":906,"minecraft:bucket":1,"minecraft:calcite":48,"minecraft:iron_pickaxe":2,"minecraft:deepslate_tile_wall":27,"minecraft:melon_slice":56,"minecraft:furnace":3,"minecraft:crimson_sign":1,"minecraft:iron_boots":2,"minecraft:stick":39,"minecraft:torch":15,"minecraft:pointed_dripstone":69,"minecraft:diorite":137,"minecraft:rotten_flesh":101,"minecraft:leather_horse_armor":1,"minecraft:obsidian":13,"minecraft:cobblestone":929,"minecraft:birch_log":38,"minecraft:pink_petals":69,"minecraft:magma_block":16,"minecraft:feather":1,"minecraft:cherry_planks":4,"minecraft:water_bucket":3,"minecraft:andesite":153,"minecraft:potato":44,"minecraft:flint":2,"minecraft:tuff":8,"minecraft:lapis_lazuli":167,"minecraft:dirt":3318,"minecraft:bone":78,"minecraft:bow":3,"minecraft:wheat_seeds":2523,"minecraft:raw_gold":26,"minecraft:cobbled_deepslate_slab":2,"minecraft:bamboo":497,"minecraft:glowstone_dust":160,"minecraft:stone_hoe":2,"minecraft:oak_planks":8,"minecraft:cooked_porkchop":4,"minecraft:sand":256,"minecraft:diamond":6,"minecraft:granite":27,"minecraft:oak_sapling":38,"minecraft:netherrack":587,"minecraft:crimson_roots":30,"minecraft:diamond_pickaxe":4,"minecraft:cocoa_beans":3,"minecraft:charcoal":4,"minecraft:crafting_table":3,"minecraft:shield":2,"minecraft:flint_and_steel":2,"minecraft:iron_shovel":1,"minecraft:blackstone":17,"minecraft:beef":3,"minecraft:poppy":13,"minecraft:minecart":3,"minecraft:sugar_cane":22,"minecraft:chest":1,"minecraft:birch_sapling":2,"minecraft:phantom_membrane":8,"minecraft:raw_iron":91,"minecraft:polished_deepslate_slab":1,"minecraft:copper_ingot":2,"minecraft:redstone":242,"minecraft:netherite_pickaxe":1,"minecraft:weeping_vines":2,"minecraft:arrow":60,"minecraft:diamond_chestplate":1,"minecraft:hay_block":22,"minecraft:bone_block":2,"minecraft:basalt":122,"minecraft:crimson_stem":7,"minecraft:glow_ink_sac":25,"minecraft:crimson_fungus":4,"minecraft:oak_log":191,"minecraft:nether_wart_block":16,"minecraft:gunpowder":8,"minecraft:deepslate_tile_slab":2,"minecraft:white_banner":2,"minecraft:apple":8,"minecraft:stone_pickaxe":1,"minecraft:iron_ingot":10,"minecraft:cooked_chicken":1,"minecraft:soul_sand":9,"minecraft:iron_sword":1,"minecraft:pink_bed":2,"minecraft:warped_fungus":1,"minecraft:smooth_basalt":22,"minecraft:quartz":65,"minecraft:dandelion":21,"minecraft:spyglass":3,"minecraft:dripstone_block":70,"minecraft:gravel":12,"minecraft:amethyst_shard":22,"minecraft:spider_eye":7,"minecraft:pumpkin_seeds":2,"minecraft:stone_axe":1,"minecraft:iron_helmet":1,"minecraft:cherry_sapling":4,"minecraft:baked_potato":41,"minecraft:coal":18},"minecraft:used":{"minecraft:iron_shovel":2103,"minecraft:polished_deepslate":5,"minecraft:chiseled_deepslate":7,"minecraft:bone_block":2,"minecraft:ladder":56,"minecraft:chest":12,"minecraft:shield":115,"minecraft:iron_sword":248,"minecraft:rotten_flesh":98,"minecraft:iron_chestplate":1,"minecraft:soul_campfire":1,"minecraft:soul_sand":2,"minecraft:cocoa_beans":3,"minecraft:deepslate_tile_slab":162,"minecraft:tuff":3,"minecraft:weeping_vines":2,"minecraft:obsidian":11,"minecraft:milk_bucket":1,"minecraft:lava_bucket":11,"minecraft:iron_helmet":1,"minecraft:crimson_roots":13,"minecraft:bow":33,"minecraft:furnace":7,"minecraft:oak_sapling":2,"minecraft:potato":22,"minecraft:diorite":18,"minecraft:oak_planks":2,"minecraft:stone_pickaxe":975,"minecraft:blackstone":4,"minecraft:wooden_pickaxe":3,"minecraft:dripstone_block":22,"minecraft:deepslate_tiles":333,"minecraft:melon_slice":9,"minecraft:heavy_weighted_pressure_plate":1,"minecraft:bread":78,"minecraft:gravel":1,"minecraft:nether_wart_block":7,"minecraft:diamond_sword":294,"minecraft:smithing_table":1,"minecraft:andesite":14,"minecraft:bone_meal":30,"minecraft:stone_sword":252,"minecraft:flint_and_steel":46,"minecraft:stone_shovel":655,"minecraft:stone_hoe":391,"minecraft:cooked_chicken":1,"minecraft:netherrack":296,"minecraft:torch":270,"minecraft:dirt":2446,"minecraft:spyglass":41,"minecraft:salmon_bucket":3,"minecraft:shroomlight":3,"minecraft:iron_boots":1,"minecraft:smooth_basalt":1,"minecraft:bamboo":15,"minecraft:basalt":122,"minecraft:beef":3,"minecraft:minecart":1,"minecraft:cobbled_deepslate":4,"minecraft:iron_leggings":1,"minecraft:calcite":12,"minecraft:wheat_seeds":1118,"minecraft:water_bucket":24,"minecraft:baked_potato":41,"minecraft:stonecutter":1,"minecraft:glow_ink_sac":2,"minecraft:polished_deepslate_slab":142,"minecraft:crafting_table":10,"minecraft:campfire":9,"minecraft:deepslate_tile_wall":154,"minecraft:diamond_pickaxe":502,"minecraft:apple":11,"minecraft:iron_pickaxe":2000,"minecraft:stone_axe":104,"minecraft:crimson_sign":3,"minecraft:pink_petals":31,"minecraft:pink_bed":2,"minecraft:crimson_fungus":1,"minecraft:cobblestone":261,"minecraft:cobbled_deepslate_slab":42,"minecraft:white_banner":2,"minecraft:cooked_porkchop":8,"minecraft:bucket":46},"minecraft:mined":{"minecraft:pink_bed":1,"minecraft:obsidian":13,"minecraft:granite":27,"minecraft:budding_amethyst":7,"minecraft:deepslate_tile_wall":4,"minecraft:grass_block":2340,"minecraft:soul_soil":17,"minecraft:crimson_fungus":4,"minecraft:weeping_vines_plant":1,"minecraft:magma_block":17,"minecraft:glowstone":54,"minecraft:iron_ore":65,"minecraft:cobbled_deepslate":1,"minecraft:fire":4,"minecraft:deepslate_lapis_ore":2,"minecraft:pointed_dripstone":25,"minecraft:polished_deepslate_slab":1,"minecraft:dirt_path":1,"minecraft:small_amethyst_bud":2,"minecraft:crimson_sign":1,"minecraft:white_banner":1,"minecraft:deepslate_redstone_ore":50,"minecraft:blackstone":17,"minecraft:crimson_nylium":15,"minecraft:medium_amethyst_bud":1,"minecraft:amethyst_cluster":2,"minecraft:deepslate_tile_slab":2,"minecraft:torch":5,"minecraft:calcite":48,"minecraft:poppy":1,"minecraft:melon":12,"minecraft:chest":1,"minecraft:nether_quartz_ore":54,"minecraft:cobblestone":53,"minecraft:sugar_cane":16,"minecraft:amethyst_block":54,"minecraft:deepslate_copper_ore":29,"minecraft:pink_petals":4,"minecraft:nether_wart_block":16,"minecraft:birch_log":18,"minecraft:wheat":814,"minecraft:warped_fungus":1,"minecraft:oak_log":163,"minecraft:sand":128,"minecraft:dirt":702,"minecraft:smooth_basalt":22,"minecraft:netherrack":495,"minecraft:oak_leaves":114,"minecraft:deepslate":779,"minecraft:nether_gold_ore":2,"minecraft:deepslate_tiles":31,"minecraft:tuff":8,"minecraft:deepslate_diamond_ore":3,"minecraft:cobbled_deepslate_slab":2,"minecraft:crimson_roots":18,"minecraft:weeping_vines":1,"minecraft:crimson_stem":7,"minecraft:hay_block":22,"minecraft:redstone_ore":5,"minecraft:furnace":1,"minecraft:andesite":153,"minecraft:chiseled_deepslate":1,"minecraft:polished_deepslate":5,"minecraft:potatoes":12,"minecraft:deepslate_iron_ore":26,"minecraft:shroomlight":5,"minecraft:bamboo_sapling":1,"minecraft:bamboo":36,"minecraft:stone":797,"minecraft:bone_block":2,"minecraft:cherry_planks":4,"minecraft:soul_sand":5,"minecraft:basalt":127,"minecraft:dandelion":1,"minecraft:crafting_table":2,"minecraft:short_grass":1290,"minecraft:campfire":2,"minecraft:tall_grass":76,"minecraft:copper_ore":27,"minecraft:lapis_ore":5,"minecraft:deepslate_gold_ore":20,"minecraft:diorite":137,"minecraft:birch_leaves":4,"minecraft:coal_ore":18,"minecraft:cocoa":1,"minecraft:gravel":10,"minecraft:dripstone_block":71,"minecraft:gold_ore":7,"minecraft:fern":2},"minecraft:broken":{"minecraft:iron_shovel":8,"minecraft:iron_boots":1,"minecraft:iron_chestplate":1,"minecraft:iron_leggings":1,"minecraft:golden_leggings":1,"minecraft:stone_pickaxe":8,"minecraft:stone_axe":1,"minecraft:iron_sword":1,"minecraft:stone_shovel":5,"minecraft:stone_sword":2,"minecraft:stone_hoe":2,"minecraft:iron_pickaxe":8,"minecraft:iron_helmet":1},"minecraft:killed":{"minecraft:spider":23,"minecraft:skeleton":44,"minecraft:piglin":2,"minecraft:parrot":1,"minecraft:zombie_villager":1,"minecraft:creeper":7,"minecraft:pillager":1,"minecraft:zombie":93,"minecraft:phantom":10,"minecraft:villager":1},"minecraft:custom":{"minecraft:interact_with_crafting_table":211,"minecraft:open_barrel":11,"minecraft:leave_game":20,"minecraft:time_since_death":272373,"minecraft:sprint_one_cm":1914281,"minecraft:damage_blocked_by_shield":2470,"minecraft:drop":69,"minecraft:talked_to_villager":12,"minecraft:play_time":891597,"minecraft:deaths":6,"minecraft:jump":11702,"minecraft:walk_on_water_one_cm":81445,"minecraft:interact_with_furnace":103,"minecraft:traded_with_villager":14,"minecraft:sleep_in_bed":5,"minecraft:damage_dealt":34968,"minecraft:crouch_one_cm":82188,"minecraft:interact_with_smithing_table":3,"minecraft:mob_kills":190,"minecraft:interact_with_campfire":22,"minecraft:climb_one_cm":83135,"minecraft:walk_one_cm":4163230,"minecraft:sneak_time":32892,"minecraft:walk_under_water_one_cm":57754,"minecraft:boat_one_cm":28341,"minecraft:total_world_time":891597,"minecraft:tune_noteblock":13,"minecraft:interact_with_stonecutter":14,"minecraft:time_since_rest":272421,"minecraft:damage_taken":8262,"minecraft:trigger_trapped_chest":1,"minecraft:minecart_one_cm":1189,"minecraft:swim_one_cm":16135,"minecraft:fly_one_cm":1484512,"minecraft:open_chest":398,"minecraft:fall_one_cm":205772},"minecraft:crafted":{"minecraft:oak_planks":260,"minecraft:crimson_sign":3,"minecraft:stone":3,"minecraft:nether_brick":12,"minecraft:heavy_weighted_pressure_plate":1,"minecraft:bow":2,"minecraft:iron_boots":2,"minecraft:chest":11,"minecraft:stone_hoe":3,"minecraft:emerald":14,"minecraft:soul_campfire":1,"minecraft:cooked_porkchop":4,"minecraft:crafting_table":8,"minecraft:wooden_pickaxe":2,"minecraft:iron_helmet":1,"minecraft:copper_ingot":13,"minecraft:birch_planks":76,"minecraft:campfire":9,"minecraft:polished_deepslate_slab":144,"minecraft:iron_chestplate":1,"minecraft:charcoal":61,"minecraft:chiseled_deepslate":6,"minecraft:shield":1,"minecraft:stick":278,"minecraft:iron_ingot":92,"minecraft:iron_pickaxe":8,"minecraft:stone_sword":2,"minecraft:deepslate_tile_slab":32,"minecraft:cobbled_deepslate_slab":90,"minecraft:stone_shovel":5,"minecraft:iron_nugget":1,"minecraft:spyglass":2,"minecraft:furnace":8,"minecraft:bone_meal":30,"minecraft:flint_and_steel":1,"minecraft:polished_deepslate":88,"minecraft:ladder":57,"minecraft:stone_pickaxe":9,"minecraft:deepslate_tile_wall":66,"minecraft:wheat":198,"minecraft:crimson_planks":8,"minecraft:iron_sword":1,"minecraft:nether_bricks":3,"minecraft:bucket":8,"minecraft:stone_axe":1,"minecraft:bread":209,"minecraft:air":0,"minecraft:iron_shovel":9,"minecraft:iron_leggings":1,"minecraft:stonecutter":1,"minecraft:torch":192}},"DataVersion":3700}