{"stats":{"minecraft:custom":{"minecraft:interact_with_crafting_table":258,"minecraft:open_barrel":13,"minecraft:eat_cake_slice":5,"minecraft:leave_game":22,"minecraft:time_since_death":478626,"minecraft:sprint_one_cm":2306843,"minecraft:damage_blocked_by_shield":2470,"minecraft:drop":165,"minecraft:talked_to_villager":13,"minecraft:play_time":1097850,"minecraft:deaths":6,"minecraft:jump":13383,"minecraft:walk_on_water_one_cm":91302,"minecraft:interact_with_furnace":129,"minecraft:traded_with_villager":14,"minecraft:sleep_in_bed":5,"minecraft:damage_dealt":38630,"minecraft:crouch_one_cm":85482,"minecraft:interact_with_smithing_table":13,"minecraft:interact_with_anvil":1,"minecraft:mob_kills":208,"minecraft:interact_with_campfire":22,"minecraft:climb_one_cm":100821,"minecraft:walk_one_cm":4711647,"minecraft:sneak_time":34920,"minecraft:walk_under_water_one_cm":60869,"minecraft:boat_one_cm":28341,"minecraft:total_world_time":1097850,"minecraft:tune_noteblock":13,"minecraft:interact_with_stonecutter":17,"minecraft:time_since_rest":478674,"minecraft:damage_taken":8920,"minecraft:trigger_trapped_chest":1,"minecraft:minecart_one_cm":1189,"minecraft:swim_one_cm":17250,"minecraft:fly_one_cm":1723349,"minecraft:open_chest":592,"minecraft:fall_one_cm":236245},"minecraft:used":{"minecraft:iron_shovel":2103,"minecraft:polished_deepslate":5,"minecraft:chiseled_deepslate":7,"minecraft:ladder":56,"minecraft:bone_block":2,"minecraft:chest":15,"minecraft:shield":115,"minecraft:iron_sword":248,"minecraft:rotten_flesh":99,"minecraft:iron_chestplate":1,"minecraft:soul_campfire":1,"minecraft:soul_sand":2,"minecraft:cocoa_beans":3,"minecraft:deepslate_tile_slab":162,"minecraft:tuff":4,"minecraft:weeping_vines":2,"minecraft:obsidian":11,"minecraft:milk_bucket":1,"minecraft:lava_bucket":11,"minecraft:quartz_block":1,"minecraft:iron_helmet":1,"minecraft:crimson_roots":13,"minecraft:redstone_lamp":13,"minecraft:bow":33,"minecraft:furnace":7,"minecraft:oak_sapling":2,"minecraft:potato":22,"minecraft:diorite":38,"minecraft:diamond_boots":1,"minecraft:oak_planks":2,"minecraft:stone_pickaxe":1036,"minecraft:blackstone":4,"minecraft:wooden_pickaxe":3,"minecraft:diamond_axe":223,"minecraft:netherite_leggings":1,"minecraft:crossbow":7,"minecraft:dripstone_block":22,"minecraft:deepslate_tiles":333,"minecraft:daylight_detector":3,"minecraft:melon_slice":9,"minecraft:heavy_weighted_pressure_plate":1,"minecraft:bread":99,"minecraft:gravel":43,"minecraft:nether_wart_block":7,"minecraft:diamond_sword":358,"minecraft:smithing_table":1,"minecraft:andesite":14,"minecraft:bone_meal":30,"minecraft:stone_sword":252,"minecraft:flint_and_steel":50,"minecraft:armor_stand":1,"minecraft:stone_shovel":655,"minecraft:stone_hoe":397,"minecraft:cooked_chicken":1,"minecraft:netherrack":510,"minecraft:torch":272,"minecraft:dirt":2449,"minecraft:spyglass":41,"minecraft:diamond_helmet":1,"minecraft:salmon_bucket":3,"minecraft:granite":5,"minecraft:shroomlight":3,"minecraft:iron_boots":1,"minecraft:smooth_basalt":1,"minecraft:bamboo":15,"minecraft:basalt":122,"minecraft:beef":3,"minecraft:soul_soil":1,"minecraft:minecart":1,"minecraft:cobbled_deepslate":4,"minecraft:iron_leggings":1,"minecraft:calcite":12,"minecraft:wheat_seeds":1126,"minecraft:water_bucket":24,"minecraft:netherite_chestplate":2,"minecraft:baked_potato":46,"minecraft:stonecutter":1,"minecraft:glow_ink_sac":2,"minecraft:polished_deepslate_slab":142,"minecraft:crafting_table":11,"minecraft:campfire":9,"minecraft:deepslate_tile_wall":176,"minecraft:diamond_pickaxe":3623,"minecraft:apple":11,"minecraft:iron_pickaxe":2000,"minecraft:stone_slab":6,"minecraft:stone_axe":104,"minecraft:crimson_sign":3,"minecraft:pink_petals":31,"minecraft:pink_bed":2,"minecraft:crimson_fungus":1,"minecraft:cobblestone":291,"minecraft:cobbled_deepslate_slab":42,"minecraft:white_banner":2,"minecraft:cooked_porkchop":8,"minecraft:bucket":46,"minecraft:diamond_leggings":1},"minecraft:picked_up":{"minecraft:chiseled_deepslate":1,"minecraft:iron_chestplate":1,"minecraft:wheat":1049,"minecraft:diamond_sword":1,"minecraft:amethyst_block":54,"minecraft:polished_deepslate":5,"minecraft:string":27,"minecraft:raw_copper":256,"minecraft:soul_soil":18,"minecraft:iron_leggings":1,"minecraft:shroomlight":5,"minecraft:deepslate_tiles":30,"minecraft:gold_nugget":179,"minecraft:cobbled_deepslate":1066,"minecraft:bucket":1,"minecraft:calcite":48,"minecraft:iron_pickaxe":2,"minecraft:deepslate_tile_wall":39,"minecraft:melon_slice":56,"minecraft:furnace":3,"minecraft:crimson_sign":1,"minecraft:iron_boots":2,"minecraft:stick":48,"minecraft:torch":16,"minecraft:porkchop":3,"minecraft:pointed_dripstone":69,"minecraft:diorite":157,"minecraft:quartz_block":1,"minecraft:rotten_flesh":110,"minecraft:leather_horse_armor":1,"minecraft:obsidian":13,"minecraft:cobblestone":973,"minecraft:birch_log":38,"minecraft:pink_petals":69,"minecraft:magma_block":16,"minecraft:feather":1,"minecraft:cherry_planks":4,"minecraft:water_bucket":3,"minecraft:andesite":207,"minecraft:potato":44,"minecraft:flint":11,"minecraft:tuff":11,"minecraft:lapis_lazuli":167,"minecraft:dirt":3322,"minecraft:bone":79,"minecraft:bow":3,"minecraft:wheat_seeds":2899,"minecraft:raw_gold":26,"minecraft:cobbled_deepslate_slab":2,"minecraft:glowstone_dust":253,"minecraft:bamboo":497,"minecraft:stone_hoe":2,"minecraft:oak_planks":8,"minecraft:cooked_porkchop":4,"minecraft:sand":256,"minecraft:diamond":50,"minecraft:crossbow":2,"minecraft:granite":32,"minecraft:oak_sapling":62,"minecraft:netherrack":3418,"minecraft:crimson_roots":31,"minecraft:diamond_pickaxe":4,"minecraft:cocoa_beans":3,"minecraft:charcoal":4,"minecraft:crafting_table":3,"minecraft:redstone_lamp":10,"minecraft:shield":2,"minecraft:flint_and_steel":2,"minecraft:iron_shovel":1,"minecraft:blackstone":73,"minecraft:beef":3,"minecraft:poppy":13,"minecraft:minecart":3,"minecraft:sugar_cane":22,"minecraft:chest":1,"minecraft:birch_sapling":4,"minecraft:phantom_membrane":8,"minecraft:raw_iron":115,"minecraft:polished_deepslate_slab":1,"minecraft:copper_ingot":2,"minecraft:redstone":242,"minecraft:netherite_pickaxe":1,"minecraft:weeping_vines":2,"minecraft:arrow":64,"minecraft:diamond_chestplate":1,"minecraft:nether_bricks":4,"minecraft:hay_block":22,"minecraft:bone_block":2,"minecraft:basalt":122,"minecraft:golden_carrot":64,"minecraft:crimson_stem":7,"minecraft:glow_ink_sac":25,"minecraft:leather":1,"minecraft:crimson_fungus":4,"minecraft:oak_log":394,"minecraft:ancient_debris":12,"minecraft:nether_wart_block":16,"minecraft:gunpowder":8,"minecraft:deepslate_tile_slab":2,"minecraft:white_banner":2,"minecraft:apple":10,"minecraft:kelp":64,"minecraft:stone_pickaxe":1,"minecraft:iron_ingot":10,"minecraft:cooked_chicken":1,"minecraft:soul_sand":9,"minecraft:iron_sword":1,"minecraft:pink_bed":2,"minecraft:warped_fungus":1,"minecraft:smooth_basalt":22,"minecraft:quartz":196,"minecraft:dandelion":21,"minecraft:spyglass":3,"minecraft:dripstone_block":70,"minecraft:gravel":118,"minecraft:amethyst_shard":22,"minecraft:spider_eye":7,"minecraft:pumpkin_seeds":2,"minecraft:stone_axe":1,"minecraft:iron_helmet":1,"minecraft:cherry_sapling":4,"minecraft:baked_potato":46,"minecraft:coal":18},"minecraft:killed":{"minecraft:spider":23,"minecraft:skeleton":45,"minecraft:piglin":13,"minecraft:parrot":1,"minecraft:zombie_villager":1,"minecraft:creeper":7,"minecraft:pillager":1,"minecraft:zombie":98,"minecraft:phantom":10,"minecraft:hoglin":1,"minecraft:villager":1},"minecraft:killed_by":{"minecraft:creeper":1,"minecraft:player":1},"minecraft:dropped":{"minecraft:soul_sand":2,"minecraft:glow_ink_sac":7,"minecraft:diamond":3,"minecraft:flint":1,"minecraft:dirt":4,"minecraft:gold_nugget":14,"minecraft:iron_pickaxe":1,"minecraft:bone":9,"minecraft:spyglass":1,"minecraft:birch_sapling":1,"minecraft:oak_planks":8,"minecraft:glowstone_dust":93,"minecraft:poppy":5,"minecraft:gunpowder":3,"minecraft:netherrack":64,"minecraft:water_bucket":2,"minecraft:stone_hoe":1,"minecraft:netherite_pickaxe":1,"minecraft:wheat_seeds":3,"minecraft:cobblestone":62,"minecraft:granite":1,"minecraft:bucket":1,"minecraft:dandelion":12,"minecraft:diamond_pickaxe":1,"minecraft:oak_sapling":14,"minecraft:wooden_pickaxe":2,"minecraft:raw_gold":19},"minecraft:crafted":{"minecraft:smooth_stone":6,"minecraft:oak_planks":260,"minecraft:crimson_sign":3,"minecraft:birch_slab":12,"minecraft:stone":12,"minecraft:nether_brick":12,"minecraft:heavy_weighted_pressure_plate":1,"minecraft:glass":8,"minecraft:stone_brick_slab":6,"minecraft:diamond_helmet":2,"minecraft:diamond_leggings":2,"minecraft:bow":2,"minecraft:iron_boots":2,"minecraft:chest":14,"minecraft:stone_hoe":3,"minecraft:redstone_lamp":8,"minecraft:diamond_axe":1,"minecraft:emerald":14,"minecraft:smooth_quartz":1,"minecraft:soul_campfire":1,"minecraft:cooked_porkchop":4,"minecraft:crafting_table":9,"minecraft:wooden_pickaxe":2,"minecraft:iron_helmet":1,"minecraft:copper_ingot":13,"minecraft:birch_planks":76,"minecraft:campfire":9,"minecraft:polished_deepslate_slab":144,"minecraft:diamond_pickaxe":2,"minecraft:iron_chestplate":1,"minecraft:charcoal":61,"minecraft:chiseled_deepslate":6,"minecraft:shield":1,"minecraft:stick":290,"minecraft:stone_slab":6,"minecraft:iron_ingot":116,"minecraft:iron_pickaxe":8,"minecraft:stone_sword":2,"minecraft:gold_ingot":17,"minecraft:netherite_ingot":3,"minecraft:deepslate_tile_slab":32,"minecraft:cobbled_deepslate_slab":90,"minecraft:stone_shovel":5,"minecraft:smooth_stone_slab":6,"minecraft:iron_nugget":1,"minecraft:spyglass":2,"minecraft:furnace":8,"minecraft:bone_meal":30,"minecraft:flint_and_steel":1,"minecraft:netherite_chestplate":1,"minecraft:netherite_leggings":1,"minecraft:polished_deepslate":88,"minecraft:ladder":57,"minecraft:stone_pickaxe":9,"minecraft:diamond_boots":1,"minecraft:deepslate_tile_wall":66,"minecraft:netherite_scrap":12,"minecraft:wheat":198,"minecraft:daylight_detector":3,"minecraft:crimson_planks":8,"minecraft:crossbow":1,"minecraft:iron_sword":1,"minecraft:nether_bricks":3,"minecraft:bucket":8,"minecraft:stone_axe":1,"minecraft:glowstone":8,"minecraft:bread":209,"minecraft:air":0,"minecraft:iron_shovel":9,"minecraft:armor_stand":1,"minecraft:iron_leggings":1,"minecraft:stonecutter":1,"minecraft:torch":192,"minecraft:diamond_chestplate":1},"minecraft:broken":{"minecraft:iron_shovel":8,"minecraft:iron_boots":1,"minecraft:iron_chestplate":1,"minecraft:iron_leggings":1,"minecraft:golden_leggings":1,"minecraft:stone_pickaxe":9,"minecraft:diamond_pickaxe":2,"minecraft:stone_axe":1,"minecraft:iron_sword":1,"minecraft:stone_shovel":5,"minecraft:stone_sword":2,"minecraft:stone_hoe":2,"minecraft:iron_pickaxe":8,"minecraft:iron_helmet":1},"minecraft:mined":{"minecraft:pink_bed":1,"minecraft:obsidian":13,"minecraft:granite":32,"minecraft:budding_amethyst":7,"minecraft:deepslate_tile_wall":16,"minecraft:grass_block":2342,"minecraft:soul_soil":18,"minecraft:crimson_fungus":4,"minecraft:weeping_vines_plant":1,"minecraft:magma_block":17,"minecraft:glowstone":54,"minecraft:iron_ore":85,"minecraft:cobbled_deepslate":1,"minecraft:fire":7,"minecraft:deepslate_lapis_ore":2,"minecraft:pointed_dripstone":25,"minecraft:polished_deepslate_slab":1,"minecraft:dirt_path":1,"minecraft:small_amethyst_bud":2,"minecraft:crimson_sign":1,"minecraft:white_banner":1,"minecraft:deepslate_redstone_ore":50,"minecraft:quartz_block":1,"minecraft:blackstone":73,"minecraft:crimson_nylium":20,"minecraft:medium_amethyst_bud":1,"minecraft:soul_fire":1,"minecraft:amethyst_cluster":2,"minecraft:deepslate_tile_slab":2,"minecraft:torch":6,"minecraft:calcite":48,"minecraft:poppy":1,"minecraft:melon":12,"minecraft:chest":1,"minecraft:nether_quartz_ore":185,"minecraft:cobblestone":55,"minecraft:sugar_cane":16,"minecraft:amethyst_block":54,"minecraft:deepslate_copper_ore":29,"minecraft:pink_petals":4,"minecraft:nether_wart_block":16,"minecraft:birch_log":18,"minecraft:wheat":958,"minecraft:warped_fungus":1,"minecraft:oak_log":366,"minecraft:sand":128,"minecraft:dirt":704,"minecraft:smooth_basalt":22,"minecraft:ancient_debris":12,"minecraft:netherrack":3044,"minecraft:oak_leaves":159,"minecraft:deepslate":939,"minecraft:redstone_lamp":10,"minecraft:nether_gold_ore":38,"minecraft:deepslate_tiles":31,"minecraft:diamond_ore":6,"minecraft:tuff":11,"minecraft:deepslate_diamond_ore":40,"minecraft:cobbled_deepslate_slab":2,"minecraft:crimson_roots":18,"minecraft:weeping_vines":1,"minecraft:crimson_stem":7,"minecraft:hay_block":22,"minecraft:redstone_ore":5,"minecraft:furnace":1,"minecraft:andesite":207,"minecraft:chiseled_deepslate":1,"minecraft:polished_deepslate":5,"minecraft:potatoes":12,"minecraft:deepslate_iron_ore":30,"minecraft:shroomlight":5,"minecraft:bamboo_sapling":1,"minecraft:bamboo":36,"minecraft:stone":839,"minecraft:bone_block":2,"minecraft:cherry_planks":4,"minecraft:soul_sand":5,"minecraft:basalt":127,"minecraft:dandelion":1,"minecraft:crafting_table":2,"minecraft:short_grass":1291,"minecraft:campfire":2,"minecraft:tall_grass":76,"minecraft:copper_ore":27,"minecraft:lapis_ore":5,"minecraft:deepslate_gold_ore":20,"minecraft:diorite":157,"minecraft:birch_leaves":4,"minecraft:coal_ore":18,"minecraft:cocoa":1,"minecraft:gravel":124,"minecraft:dripstone_block":71,"minecraft:gold_ore":7,"minecraft:fern":2}},"DataVersion":3700}