{"stats":{"minecraft:custom":{"minecraft:interact_with_crafting_table":151,"minecraft:open_barrel":150,"minecraft:leave_game":10,"minecraft:time_since_death":1223865,"minecraft:damage_blocked_by_shield":301,"minecraft:play_time":1263878,"minecraft:deaths":2,"minecraft:jump":11989,"minecraft:enchant_item":42,"minecraft:interact_with_furnace":190,"minecraft:play_record":2,"minecraft:interact_with_cartography_table":4,"minecraft:sleep_in_bed":18,"minecraft:damage_dealt":48087,"minecraft:interact_with_smithing_table":11,"minecraft:interact_with_anvil":10,"minecraft:sneak_time":105255,"minecraft:interact_with_blast_furnace":1,"minecraft:total_world_time":1263878,"minecraft:tune_noteblock":27,"minecraft:interact_with_stonecutter":5,"minecraft:time_since_rest":157601,"minecraft:swim_one_cm":71586,"minecraft:fly_one_cm":682204,"minecraft:open_chest":577,"minecraft:fish_caught":2,"minecraft:fall_one_cm":169391,"minecraft:animals_bred":1,"minecraft:sprint_one_cm":2286759,"minecraft:drop":536,"minecraft:play_noteblock":2,"minecraft:talked_to_villager":12,"minecraft:walk_on_water_one_cm":159952,"minecraft:interact_with_loom":7,"minecraft:player_kills":2,"minecraft:crouch_one_cm":350740,"minecraft:mob_kills":290,"minecraft:climb_one_cm":21295,"minecraft:walk_one_cm":4330683,"minecraft:walk_under_water_one_cm":160466,"minecraft:boat_one_cm":345797,"minecraft:damage_taken":9277,"minecraft:minecart_one_cm":34556},"minecraft:used":{"minecraft:nether_brick_fence":11,"minecraft:chest":59,"minecraft:stone":11,"minecraft:rotten_flesh":34,"minecraft:jungle_slab":1,"minecraft:weeping_vines":7,"minecraft:lava_bucket":16,"minecraft:quartz_pillar":3,"minecraft:grass_block":11,"minecraft:birch_sapling":2,"minecraft:cherry_button":4,"minecraft:cherry_leaves":55,"minecraft:red_stained_glass_pane":8,"minecraft:bow":14,"minecraft:oak_sapling":1,"minecraft:furnace":11,"minecraft:egg":7,"minecraft:potato":161,"minecraft:short_grass":10,"minecraft:diorite":7,"minecraft:blackstone":4,"minecraft:wooden_pickaxe":29,"minecraft:composter":3,"minecraft:glow_berries":7,"minecraft:pumpkin_seeds":5,"minecraft:lightning_rod":1,"minecraft:birch_fence":26,"minecraft:deepslate_tiles":957,"minecraft:crying_obsidian":1,"minecraft:birch_slab":12,"minecraft:diamond_sword":1288,"minecraft:fire_charge":1,"minecraft:wooden_sword":89,"minecraft:smithing_table":2,"minecraft:oak_boat":3,"minecraft:enchanting_table":1,"minecraft:stone_sword":132,"minecraft:netherrack":404,"minecraft:torch":1218,"minecraft:anvil":2,"minecraft:shroomlight":15,"minecraft:iron_axe":162,"minecraft:cherry_slab":54,"minecraft:pink_stained_glass_pane":484,"minecraft:barrel":30,"minecraft:smooth_basalt":2,"minecraft:bamboo":60,"minecraft:beef":15,"minecraft:cherry_fence":3,"minecraft:cobbled_deepslate":131,"minecraft:observer":7,"minecraft:cherry_log":2,"minecraft:pointed_dripstone":1,"minecraft:golden_axe":50,"minecraft:water_bucket":160,"minecraft:cartography_table":2,"minecraft:cherry_planks":209,"minecraft:cauldron":3,"minecraft:fletching_table":2,"minecraft:deepslate_bricks":3,"minecraft:cracked_stone_bricks":2,"minecraft:rail":110,"minecraft:crafting_table":32,"minecraft:white_bed":3,"minecraft:cod":2,"minecraft:ender_eye":18,"minecraft:diamond_pickaxe":5224,"minecraft:diamond_shovel":1809,"minecraft:iron_pickaxe":1336,"minecraft:spruce_trapdoor":2,"minecraft:cobblestone":231,"minecraft:potion":9,"minecraft:porkchop":6,"minecraft:cooked_porkchop":16,"minecraft:diamond_leggings":1,"minecraft:jukebox":1,"minecraft:cherry_sapling":17,"minecraft:iron_shovel":486,"minecraft:oak_sign":1,"minecraft:diamond_hoe":204,"minecraft:white_concrete_powder":1,"minecraft:shield":13,"minecraft:iron_sword":41,"minecraft:soul_campfire":2,"minecraft:mutton":3,"minecraft:nether_bricks":36,"minecraft:carrot":22,"minecraft:tuff":2,"minecraft:music_disc_13":1,"minecraft:glass":128,"minecraft:coal_ore":1,"minecraft:quartz_slab":293,"minecraft:lantern":46,"minecraft:stone_bricks":265,"minecraft:item_frame":23,"minecraft:deepslate_diamond_ore":3,"minecraft:diamond_boots":1,"minecraft:stone_pickaxe":408,"minecraft:oak_planks":23,"minecraft:ender_pearl":1,"minecraft:sugar_cane":47,"minecraft:diamond_axe":520,"minecraft:white_wool":9,"minecraft:loom":2,"minecraft:dripstone_block":5,"minecraft:note_block":3,"minecraft:firework_rocket":3,"minecraft:heavy_weighted_pressure_plate":4,"minecraft:bread":5,"minecraft:iron_door":4,"minecraft:gravel":20,"minecraft:andesite":7,"minecraft:white_concrete":26,"minecraft:air":8,"minecraft:bone_meal":42,"minecraft:flint_and_steel":52,"minecraft:stone_shovel":131,"minecraft:redstone":7,"minecraft:wooden_shovel":64,"minecraft:stone_hoe":108,"minecraft:cooked_chicken":1,"minecraft:oak_door":4,"minecraft:dirt":2819,"minecraft:hopper":11,"minecraft:cobblestone_wall":200,"minecraft:wooden_axe":97,"minecraft:bookshelf":55,"minecraft:crimson_slab":106,"minecraft:cherry_trapdoor":2,"minecraft:iron_boots":1,"minecraft:crimson_planks":21,"minecraft:light_gray_wool":1,"minecraft:deepslate_tile_stairs":76,"minecraft:minecart":3,"minecraft:cooked_beef":2,"minecraft:iron_leggings":1,"minecraft:cooked_mutton":14,"minecraft:amethyst_block":31,"minecraft:cobblestone_stairs":1,"minecraft:glass_bottle":7,"minecraft:polished_andesite":12,"minecraft:baked_potato":147,"minecraft:stonecutter":2,"minecraft:chiseled_nether_bricks":12,"minecraft:cobblestone_slab":13,"minecraft:music_disc_cat":1,"minecraft:piston":7,"minecraft:flower_pot":1,"minecraft:chicken":2,"minecraft:stone_axe":78,"minecraft:pink_petals":242,"minecraft:fishing_rod":13,"minecraft:white_banner":8,"minecraft:bucket":180},"minecraft:picked_up":{"minecraft:wooden_axe":2,"minecraft:seagrass":33,"minecraft:birch_door":2,"minecraft:iron_chestplate":1,"minecraft:flower_pot":1,"minecraft:anvil":1,"minecraft:smithing_table":1,"minecraft:stone_slab":3,"minecraft:diamond_sword":1,"minecraft:enchanted_book":1,"minecraft:amethyst_block":70,"minecraft:music_disc_cat":2,"minecraft:string":61,"minecraft:soul_soil":1,"minecraft:shroomlight":16,"minecraft:gold_nugget":185,"minecraft:cobbled_deepslate":963,"minecraft:spruce_planks":1,"minecraft:melon_slice":22,"minecraft:composter":2,"minecraft:lightning_rod":1,"minecraft:cherry_log":271,"minecraft:deepslate_tile_stairs":4,"minecraft:stone_sword":2,"minecraft:red_tulip":8,"minecraft:bookshelf":60,"minecraft:blaze_rod":40,"minecraft:birch_log":72,"minecraft:magma_block":53,"minecraft:feather":12,"minecraft:iron_door":4,"minecraft:birch_slab":3,"minecraft:water_bucket":2,"minecraft:brown_wool":1,"minecraft:flint":55,"minecraft:lantern":1,"minecraft:stonecutter":2,"minecraft:loom":1,"minecraft:polished_andesite":8,"minecraft:deepslate":1,"minecraft:granite":28,"minecraft:bread":3,"minecraft:cherry_slab":7,"minecraft:crimson_roots":8,"minecraft:diamond_pickaxe":2,"minecraft:crafting_table":4,"minecraft:heavy_weighted_pressure_plate":4,"minecraft:flint_and_steel":1,"minecraft:iron_shovel":1,"minecraft:cracked_stone_bricks":6,"minecraft:cartography_table":1,"minecraft:deepslate_diamond_ore":3,"minecraft:beef":63,"minecraft:iron_nugget":22,"minecraft:poppy":4,"minecraft:minecart":4,"minecraft:chest":1,"minecraft:birch_sapling":6,"minecraft:cherry_button":4,"minecraft:egg":14,"minecraft:stone":159,"minecraft:oak_door":4,"minecraft:fire_charge":4,"minecraft:carrot":100,"minecraft:redstone":528,"minecraft:mushroom_stem":3,"minecraft:diamond_chestplate":1,"minecraft:peony":10,"minecraft:shears":1,"minecraft:hay_block":27,"minecraft:gold_ingot":17,"minecraft:glow_berries":3,"minecraft:mutton":31,"minecraft:white_wool":88,"minecraft:rail":121,"minecraft:oxeye_daisy":1,"minecraft:red_mushroom_block":26,"minecraft:oak_log":38,"minecraft:white_banner":4,"minecraft:stone_bricks":23,"minecraft:iron_sword":1,"minecraft:smooth_basalt":20,"minecraft:spyglass":1,"minecraft:gravel":710,"minecraft:crying_obsidian":15,"minecraft:coal_ore":25,"minecraft:stone_axe":2,"minecraft:baked_potato":37,"minecraft:melon_seeds":2,"minecraft:hopper":2,"minecraft:ender_pearl":16,"minecraft:wheat":3,"minecraft:nether_brick_fence":5,"minecraft:potion":3,"minecraft:nether_brick":30,"minecraft:stone_brick_stairs":3,"minecraft:crimson_planks":1,"minecraft:raw_copper":156,"minecraft:deepslate_tiles":17,"minecraft:bucket":1,"minecraft:white_tulip":3,"minecraft:rose_bush":15,"minecraft:cobblestone_slab":1,"minecraft:calcite":23,"minecraft:ender_eye":2,"minecraft:iron_pickaxe":6,"minecraft:furnace":8,"minecraft:iron_boots":4,"minecraft:stick":140,"minecraft:oak_fence":2,"minecraft:torch":199,"minecraft:porkchop":24,"minecraft:pointed_dripstone":85,"minecraft:diorite":124,"minecraft:rotten_flesh":95,"minecraft:obsidian":46,"minecraft:cod":2,"minecraft:cobblestone":771,"minecraft:pink_petals":1933,"minecraft:cherry_planks":34,"minecraft:andesite":27,"minecraft:golden_leggings":1,"minecraft:potato":481,"minecraft:tuff":75,"minecraft:dirt":1836,"minecraft:lapis_lazuli":151,"minecraft:name_tag":1,"minecraft:leather_boots":1,"minecraft:bone":62,"minecraft:bow":2,"minecraft:orange_tulip":6,"minecraft:wheat_seeds":149,"minecraft:raw_gold":56,"minecraft:mossy_stone_bricks":3,"minecraft:fletching_table":3,"minecraft:bamboo":449,"minecraft:oak_planks":17,"minecraft:cooked_porkchop":11,"minecraft:music_disc_13":1,"minecraft:sand":77,"minecraft:pink_stained_glass_pane":64,"minecraft:poisonous_potato":8,"minecraft:jungle_planks":3,"minecraft:grass_block":3,"minecraft:jungle_slab":1,"minecraft:spectral_arrow":72,"minecraft:diamond":47,"minecraft:white_concrete":94,"minecraft:oak_sapling":3,"minecraft:netherrack":981,"minecraft:charcoal":60,"minecraft:splash_potion":1,"minecraft:chicken":9,"minecraft:chest_minecart":1,"minecraft:packed_ice":419,"minecraft:wooden_pickaxe":2,"minecraft:gold_block":7,"minecraft:shield":1,"minecraft:iron_axe":3,"minecraft:wooden_sword":2,"minecraft:quartz_slab":18,"minecraft:birch_fence":10,"minecraft:blackstone":98,"minecraft:detector_rail":5,"minecraft:oak_boat":1,"minecraft:light_gray_wool":2,"minecraft:sugar_cane":219,"minecraft:raw_iron":190,"minecraft:note_block":2,"minecraft:quartz_pillar":1,"minecraft:weeping_vines":9,"minecraft:arrow":44,"minecraft:nether_bricks":11,"minecraft:glow_ink_sac":10,"minecraft:crimson_stem":38,"minecraft:leather":53,"minecraft:birch_planks":16,"minecraft:ice":2,"minecraft:crimson_fungus":1,"minecraft:gunpowder":1,"minecraft:yellow_bed":1,"minecraft:nether_wart_block":4,"minecraft:cobblestone_wall":1,"minecraft:cobblestone_stairs":2,"minecraft:iron_ingot":2,"minecraft:soul_sand":14,"minecraft:book":48,"minecraft:warped_fungus":1,"minecraft:pumpkin":9,"minecraft:stone_brick_slab":5,"minecraft:quartz":218,"minecraft:dandelion":9,"minecraft:dripstone_block":21,"minecraft:amethyst_shard":30,"minecraft:white_bed":2,"minecraft:mossy_stone_brick_slab":1,"minecraft:spider_eye":11,"minecraft:pumpkin_seeds":8,"minecraft:white_concrete_powder":1,"minecraft:iron_helmet":1,"minecraft:cherry_sapling":52,"minecraft:black_wool":3,"minecraft:coal":449},"minecraft:killed":{"minecraft:skeleton":39,"minecraft:chicken":6,"minecraft:zombie":79,"minecraft:cow":29,"minecraft:horse":12,"minecraft:enderman":1,"minecraft:witch":1,"minecraft:zombified_piglin":2,"minecraft:spider":25,"minecraft:bee":1,"minecraft:silverfish":12,"minecraft:pig":7,"minecraft:zombie_villager":1,"minecraft:creeper":6,"minecraft:sheep":13,"minecraft:blaze":19,"minecraft:phantom":5,"minecraft:drowned":1,"minecraft:bat":1,"minecraft:hoglin":5,"minecraft:wither_skeleton":1},"minecraft:killed_by":{"minecraft:creeper":1},"minecraft:dropped":{"minecraft:iron_sword":2,"minecraft:lapis_lazuli":87,"minecraft:diamond":29,"minecraft:cooked_porkchop":6,"minecraft:dirt":78,"minecraft:birch_fence":2,"minecraft:cherry_button":1,"minecraft:bone_meal":29,"minecraft:iron_pickaxe":5,"minecraft:white_wool":5,"minecraft:bone":20,"minecraft:oak_door":2,"minecraft:sugar_cane":18,"minecraft:iron_nugget":18,"minecraft:pink_bed":1,"minecraft:cobbled_deepslate":3,"minecraft:wheat":1,"minecraft:obsidian":13,"minecraft:rotten_flesh":6,"minecraft:blaze_powder":64,"minecraft:hopper":2,"minecraft:leather_boots":2,"minecraft:beef":2,"minecraft:crying_obsidian":1,"minecraft:stone_brick_stairs":3,"minecraft:egg":1,"minecraft:crimson_planks":1,"minecraft:enchanted_book":2,"minecraft:iron_ingot":1,"minecraft:wheat_seeds":107,"minecraft:dripstone_block":7,"minecraft:oak_fence":2,"minecraft:iron_helmet":1,"minecraft:feather":6,"minecraft:cobblestone":96,"minecraft:granite":12,"minecraft:polished_andesite":8,"minecraft:iron_shovel":1,"minecraft:string":4,"minecraft:stone_brick_slab":5,"minecraft:stone_sword":1,"minecraft:deepslate":1,"minecraft:iron_boots":3,"minecraft:stone_slab":3,"minecraft:diamond_sword":2,"minecraft:potato":2,"minecraft:stone":55,"minecraft:spruce_planks":1,"minecraft:diamond_pickaxe":5,"minecraft:spider_eye":6,"minecraft:bamboo":1,"minecraft:bow":2,"minecraft:quartz_slab":6,"minecraft:soul_sand":6,"minecraft:baked_potato":64,"minecraft:leather":18,"minecraft:jungle_planks":3,"minecraft:flint":5,"minecraft:ice":2,"minecraft:mutton":3,"minecraft:amethyst_shard":8,"minecraft:gold_ingot":99,"minecraft:gravel":140,"minecraft:blackstone":8,"minecraft:pointed_dripstone":64,"minecraft:cherry_sapling":6,"minecraft:mossy_stone_brick_slab":1,"minecraft:oak_fence_gate":2,"minecraft:soul_campfire":1,"minecraft:melon_seeds":2,"minecraft:chest":1,"minecraft:arrow":13,"minecraft:quartz":11,"minecraft:netherrack":158,"minecraft:water_bucket":2,"minecraft:bread":6,"minecraft:minecart":3,"minecraft:spectral_arrow":1,"minecraft:amethyst_block":25,"minecraft:grass_block":1,"minecraft:stick":51,"minecraft:diorite":7,"minecraft:torch":204,"minecraft:leather_horse_armor":1,"minecraft:white_concrete":68,"minecraft:brown_wool":1,"minecraft:fire_charge":1,"minecraft:iron_axe":3,"minecraft:pink_petals":993,"minecraft:redstone":1,"minecraft:raw_copper":103,"minecraft:tuff":52,"minecraft:light_gray_wool":1,"minecraft:flint_and_steel":5,"minecraft:deepslate_bricks":1,"minecraft:diamond_chestplate":4,"minecraft:iron_chestplate":1,"minecraft:andesite":4,"minecraft:mossy_stone_bricks":3,"minecraft:oak_boat":1,"minecraft:wooden_pickaxe":1,"minecraft:raw_gold":7,"minecraft:calcite":7},"minecraft:crafted":{"minecraft:red_stained_glass_pane":8,"minecraft:oak_sign":3,"minecraft:pink_bed":1,"minecraft:blaze_powder":80,"minecraft:birch_slab":18,"minecraft:loom":1,"minecraft:diamond_shovel":5,"minecraft:nether_brick":88,"minecraft:bookshelf":6,"minecraft:cooked_mutton":14,"minecraft:glass":203,"minecraft:quartz_block":65,"minecraft:diamond_leggings":1,"minecraft:polished_blackstone":12,"minecraft:iron_door":3,"minecraft:pink_stained_glass":64,"minecraft:wooden_shovel":1,"minecraft:cooked_porkchop":11,"minecraft:soul_campfire":2,"minecraft:diamond_axe":1,"minecraft:smithing_table":2,"minecraft:copper_ingot":21,"minecraft:nether_brick_fence":6,"minecraft:cartography_table":1,"minecraft:iron_pickaxe":5,"minecraft:iron_block":6,"minecraft:gold_ingot":119,"minecraft:light_gray_dye":3,"minecraft:composter":1,"minecraft:polished_blackstone_bricks":12,"minecraft:stone_shovel":1,"minecraft:jukebox":1,"minecraft:diamond_hoe":1,"minecraft:bone_meal":75,"minecraft:pink_dye":309,"minecraft:cherry_trapdoor":2,"minecraft:stone_pickaxe":3,"minecraft:diamond_boots":1,"minecraft:quartz_slab":90,"minecraft:redstone_block":54,"minecraft:golden_helmet":3,"minecraft:wheat":208,"minecraft:polished_blackstone_brick_slab":24,"minecraft:enchanting_table":1,"minecraft:crimson_slab":126,"minecraft:deepslate_tiles":812,"minecraft:orange_dye":6,"minecraft:oak_fence_gate":2,"minecraft:wooden_axe":1,"minecraft:iron_shovel":3,"minecraft:iron_leggings":1,"minecraft:deepslate_tile_stairs":80,"minecraft:white_bed":1,"minecraft:note_block":1,"minecraft:oak_planks":152,"minecraft:cobblestone_slab":12,"minecraft:barrel":11,"minecraft:cherry_slab":48,"minecraft:leather_horse_armor":1,"minecraft:crimson_sign":6,"minecraft:cooked_chicken":5,"minecraft:lightning_rod":1,"minecraft:cherry_boat":1,"minecraft:stone":391,"minecraft:heavy_weighted_pressure_plate":3,"minecraft:quartz_pillar":4,"minecraft:hopper":13,"minecraft:bow":1,"minecraft:iron_boots":1,"minecraft:chest":47,"minecraft:stone_hoe":1,"minecraft:ender_eye":16,"minecraft:stone_bricks":208,"minecraft:cherry_fence":3,"minecraft:honeycomb_block":3,"minecraft:white_banner":4,"minecraft:item_frame":1,"minecraft:cauldron":3,"minecraft:crafting_table":58,"minecraft:wooden_pickaxe":1,"minecraft:baked_potato":232,"minecraft:iron_helmet":2,"minecraft:cherry_button":4,"minecraft:gold_block":3,"minecraft:birch_planks":280,"minecraft:pumpkin_seeds":44,"minecraft:pink_wool":3,"minecraft:book":21,"minecraft:iron_chestplate":1,"minecraft:paper":72,"minecraft:diamond_pickaxe":5,"minecraft:charcoal":15,"minecraft:yellow_dye":2,"minecraft:shield":1,"minecraft:birch_fence":18,"minecraft:stick":432,"minecraft:iron_ingot":217,"minecraft:stone_sword":1,"minecraft:deepslate_bricks":816,"minecraft:shears":1,"minecraft:polished_andesite":84,"minecraft:cherry_planks":1040,"minecraft:wooden_sword":1,"minecraft:oak_door":6,"minecraft:fishing_rod":1,"minecraft:leather_boots":1,"minecraft:furnace":3,"minecraft:glass_pane":176,"minecraft:flint_and_steel":5,"minecraft:blue_ice":40,"minecraft:polished_deepslate":816,"minecraft:iron_axe":1,"minecraft:cobblestone_wall":246,"minecraft:minecart":3,"minecraft:cooked_beef":3,"minecraft:sugar":8,"minecraft:red_dye":39,"minecraft:crimson_planks":128,"minecraft:diamond_sword":1,"minecraft:iron_sword":2,"minecraft:nether_bricks":23,"minecraft:golden_shovel":1,"minecraft:bucket":3,"minecraft:stone_axe":1,"minecraft:amethyst_block":5,"minecraft:air":0,"minecraft:bread":69,"minecraft:oak_boat":3,"minecraft:gold_nugget":63,"minecraft:pink_stained_glass_pane":328,"minecraft:anvil":1,"minecraft:andesite":68,"minecraft:torch":1232,"minecraft:clay":1,"minecraft:diamond_chestplate":2,"minecraft:firework_rocket":3},"minecraft:broken":{"minecraft:wooden_shovel":1,"minecraft:iron_boots":1,"minecraft:wooden_sword":1,"minecraft:iron_pickaxe":4,"minecraft:stone_pickaxe":3,"minecraft:stone_axe":1,"minecraft:wooden_axe":1,"minecraft:stone_shovel":1,"minecraft:golden_axe":1},"minecraft:mined":{"minecraft:white_bed":2,"minecraft:cherry_log":258,"minecraft:obsidian":45,"minecraft:granite":48,"minecraft:deepslate_tile_stairs":5,"minecraft:hopper":1,"minecraft:crimson_fungus":1,"minecraft:weeping_vines_plant":7,"minecraft:tall_seagrass":20,"minecraft:magma_block":67,"minecraft:cobbled_deepslate":7,"minecraft:fire":55,"minecraft:pumpkin":11,"minecraft:fletching_table":3,"minecraft:deepslate_lapis_ore":13,"minecraft:potted_dandelion":1,"minecraft:cave_vines":1,"minecraft:dirt_path":13,"minecraft:quartz_slab":12,"minecraft:small_amethyst_bud":1,"minecraft:crimson_nylium":32,"minecraft:amethyst_cluster":13,"minecraft:powder_snow":20,"minecraft:torch":39,"minecraft:note_block":2,"minecraft:melon":5,"minecraft:sugar_cane":146,"minecraft:amethyst_block":50,"minecraft:cherry_slab":6,"minecraft:wheat":29,"minecraft:pumpkin_stem":3,"minecraft:birch_door":2,"minecraft:warped_fungus":1,"minecraft:stone_brick_stairs":4,"minecraft:loom":1,"minecraft:smooth_basalt":19,"minecraft:red_mushroom_block":26,"minecraft:stonecutter":2,"minecraft:deepslate":1381,"minecraft:infested_deepslate":2,"minecraft:deepslate_tiles":17,"minecraft:mossy_cobblestone":2,"minecraft:cherry_sapling":7,"minecraft:nether_bricks":12,"minecraft:jungle_planks":3,"minecraft:crimson_roots":9,"minecraft:cartography_table":1,"minecraft:white_concrete_powder":1,"minecraft:andesite":50,"minecraft:potatoes":152,"minecraft:cobblestone_slab":1,"minecraft:rail":125,"minecraft:bamboo":207,"minecraft:white_wool":9,"minecraft:smithing_table":1,"minecraft:cherry_planks":32,"minecraft:stone_brick_slab":7,"minecraft:dandelion":2,"minecraft:short_grass":445,"minecraft:lightning_rod":1,"minecraft:tall_grass":66,"minecraft:copper_ore":43,"minecraft:deepslate_gold_ore":43,"minecraft:diorite":156,"minecraft:cobblestone_wall":1,"minecraft:spruce_log":1,"minecraft:birch_leaves":35,"minecraft:quartz_pillar":1,"minecraft:pink_stained_glass_pane":13,"minecraft:gravel":671,"minecraft:dripstone_block":15,"minecraft:cobweb":25,"minecraft:stone_bricks":60,"minecraft:gold_ore":15,"minecraft:fern":11,"minecraft:spruce_planks":2,"minecraft:farmland":1,"minecraft:mossy_stone_brick_slab":1,"minecraft:jungle_slab":1,"minecraft:cobblestone_stairs":2,"minecraft:sculk_vein":9,"minecraft:spruce_trapdoor":3,"minecraft:cave_vines_plant":3,"minecraft:budding_amethyst":5,"minecraft:grass_block":1192,"minecraft:white_concrete":50,"minecraft:composter":2,"minecraft:iron_ore":114,"minecraft:anvil":1,"minecraft:red_tulip":8,"minecraft:pointed_dripstone":56,"minecraft:deepslate_redstone_ore":124,"minecraft:clay":2,"minecraft:calcite":22,"minecraft:poppy":1,"minecraft:chest":3,"minecraft:mushroom_stem":3,"minecraft:nether_quartz_ore":196,"minecraft:cobblestone":26,"minecraft:oak_planks":12,"minecraft:iron_door":12,"minecraft:wall_torch":43,"minecraft:deepslate_copper_ore":1,"minecraft:pink_petals":603,"minecraft:seagrass":8,"minecraft:nether_wart_block":4,"minecraft:birch_log":6,"minecraft:orange_tulip":6,"minecraft:smooth_stone_slab":5,"minecraft:oak_log":30,"minecraft:beetroots":7,"minecraft:sand":79,"minecraft:dirt":818,"minecraft:crimson_planks":1,"minecraft:netherrack":1123,"minecraft:oak_leaves":84,"minecraft:nether_gold_ore":50,"minecraft:crying_obsidian":2,"minecraft:tuff":136,"minecraft:deepslate_diamond_ore":51,"minecraft:oak_door":4,"minecraft:glow_lichen":2,"minecraft:weeping_vines":1,"minecraft:soul_campfire":1,"minecraft:birch_slab":3,"minecraft:crimson_stem":41,"minecraft:hay_block":27,"minecraft:furnace":8,"minecraft:heavy_weighted_pressure_plate":4,"minecraft:carrots":46,"minecraft:peony":12,"minecraft:gold_block":7,"minecraft:nether_brick_fence":5,"minecraft:bookshelf":28,"minecraft:deepslate_iron_ore":66,"minecraft:shroomlight":19,"minecraft:packed_ice":450,"minecraft:stone":1447,"minecraft:white_tulip":7,"minecraft:infested_stone_bricks":7,"minecraft:oak_fence":2,"minecraft:crafting_table":4,"minecraft:rose_bush":17,"minecraft:stone_slab":4,"minecraft:lapis_ore":4,"minecraft:sculk":61,"minecraft:spruce_stairs":1,"minecraft:birch_planks":16,"minecraft:ice":2,"minecraft:white_wall_banner":2,"minecraft:yellow_bed":2,"minecraft:coal_ore":409,"minecraft:cherry_leaves":305,"minecraft:cracked_stone_bricks":26,"minecraft:mossy_stone_bricks":16,"minecraft:birch_fence":8}},"DataVersion":3700}