{"stats":{"minecraft:custom":{"minecraft:interact_with_crafting_table":200,"minecraft:open_barrel":233,"minecraft:eat_cake_slice":10,"minecraft:leave_game":13,"minecraft:time_since_death":298676,"minecraft:damage_blocked_by_shield":301,"minecraft:play_time":1729316,"minecraft:deaths":3,"minecraft:jump":15278,"minecraft:enchant_item":77,"minecraft:interact_with_furnace":213,"minecraft:play_record":2,"minecraft:traded_with_villager":217,"minecraft:interact_with_cartography_table":4,"minecraft:sleep_in_bed":22,"minecraft:damage_dealt":62081,"minecraft:interact_with_smithing_table":41,"minecraft:interact_with_anvil":40,"minecraft:inspect_hopper":1,"minecraft:sneak_time":140116,"minecraft:interact_with_blast_furnace":1,"minecraft:total_world_time":1729316,"minecraft:tune_noteblock":27,"minecraft:interact_with_stonecutter":5,"minecraft:time_since_rest":199961,"minecraft:swim_one_cm":98395,"minecraft:fly_one_cm":1391429,"minecraft:open_chest":1046,"minecraft:fish_caught":2,"minecraft:fall_one_cm":227363,"minecraft:animals_bred":1,"minecraft:sprint_one_cm":2831409,"minecraft:drop":1097,"minecraft:play_noteblock":2,"minecraft:talked_to_villager":84,"minecraft:walk_on_water_one_cm":178971,"minecraft:interact_with_loom":8,"minecraft:player_kills":2,"minecraft:crouch_one_cm":492887,"minecraft:mob_kills":370,"minecraft:climb_one_cm":33389,"minecraft:walk_one_cm":5579238,"minecraft:walk_under_water_one_cm":177472,"minecraft:boat_one_cm":481347,"minecraft:interact_with_grindstone":1,"minecraft:damage_taken":11124,"minecraft:trigger_trapped_chest":20,"minecraft:minecart_one_cm":34556},"minecraft:used":{"minecraft:nether_brick_fence":11,"minecraft:chiseled_deepslate":1560,"minecraft:chest":104,"minecraft:stone":294,"minecraft:red_nether_brick_stairs":5,"minecraft:farmland":7,"minecraft:rotten_flesh":38,"minecraft:jungle_slab":1,"minecraft:cracked_deepslate_tiles":155,"minecraft:weeping_vines":7,"minecraft:lava_bucket":16,"minecraft:netherite_shovel":201,"minecraft:quartz_pillar":3,"minecraft:villager_spawn_egg":24,"minecraft:grass_block":21,"minecraft:birch_sapling":3,"minecraft:netherite_hoe":26,"minecraft:cherry_leaves":200,"minecraft:cherry_button":4,"minecraft:netherite_boots":1,"minecraft:red_stained_glass_pane":8,"minecraft:bow":33,"minecraft:oak_sapling":1,"minecraft:furnace":12,"minecraft:egg":7,"minecraft:potato":220,"minecraft:short_grass":10,"minecraft:diorite":7,"minecraft:blackstone":4,"minecraft:wooden_pickaxe":29,"minecraft:composter":19,"minecraft:cookie":3,"minecraft:glow_berries":7,"minecraft:netherite_helmet":1,"minecraft:blue_ice":578,"minecraft:pumpkin_seeds":5,"minecraft:lightning_rod":3,"minecraft:birch_fence":65,"minecraft:deepslate_tiles":1694,"minecraft:cherry_hanging_sign":4,"minecraft:crying_obsidian":3,"minecraft:birch_slab":12,"minecraft:diamond_ore":64,"minecraft:nether_wart_block":2,"minecraft:diamond_sword":1437,"minecraft:fire_charge":1,"minecraft:wooden_sword":89,"minecraft:smithing_table":7,"minecraft:birch_log":1,"minecraft:pink_stained_glass":345,"minecraft:oak_boat":5,"minecraft:enchanting_table":1,"minecraft:stone_sword":132,"minecraft:tinted_glass":47,"minecraft:netherrack":656,"minecraft:torch":1226,"minecraft:brewing_stand":1,"minecraft:anvil":13,"minecraft:shroomlight":239,"minecraft:iron_axe":162,"minecraft:cherry_slab":54,"minecraft:pink_stained_glass_pane":683,"minecraft:barrel":32,"minecraft:smooth_basalt":2,"minecraft:bamboo":60,"minecraft:basalt":18,"minecraft:glowstone":40,"minecraft:beef":15,"minecraft:trapped_chest":3,"minecraft:cherry_fence":3,"minecraft:cherry_log":2,"minecraft:cobbled_deepslate":131,"minecraft:observer":7,"minecraft:pointed_dripstone":1,"minecraft:golden_axe":50,"minecraft:crimson_stem":9,"minecraft:water_bucket":186,"minecraft:cartography_table":2,"minecraft:cherry_planks":209,"minecraft:cauldron":6,"minecraft:fletching_table":3,"minecraft:deepslate_bricks":3,"minecraft:cracked_stone_bricks":2,"minecraft:rail":110,"minecraft:oak_slab":78,"minecraft:tnt":17,"minecraft:crafting_table":34,"minecraft:white_bed":7,"minecraft:cod":2,"minecraft:cake":3,"minecraft:deepslate_tile_wall":397,"minecraft:ender_eye":18,"minecraft:diamond_pickaxe":5429,"minecraft:diamond_shovel":1809,"minecraft:iron_pickaxe":1336,"minecraft:spruce_trapdoor":2,"minecraft:pink_bed":1,"minecraft:cobblestone":241,"minecraft:potion":9,"minecraft:porkchop":6,"minecraft:cooked_porkchop":19,"minecraft:diamond_leggings":1,"minecraft:jukebox":1,"minecraft:cherry_sapling":17,"minecraft:iron_shovel":541,"minecraft:oak_sign":1,"minecraft:diamond_hoe":204,"minecraft:white_concrete_powder":1,"minecraft:shield":13,"minecraft:iron_sword":51,"minecraft:soul_campfire":2,"minecraft:mutton":3,"minecraft:nether_bricks":36,"minecraft:carrot":29,"minecraft:tuff":2,"minecraft:music_disc_13":1,"minecraft:glass":128,"minecraft:coal_ore":26,"minecraft:quartz_slab":479,"minecraft:lantern":46,"minecraft:stone_bricks":265,"minecraft:item_frame":46,"minecraft:deepslate_diamond_ore":21,"minecraft:diamond_boots":1,"minecraft:stone_pickaxe":408,"minecraft:oak_planks":23,"minecraft:ender_pearl":1,"minecraft:sugar_cane":47,"minecraft:diamond_axe":539,"minecraft:white_wool":9,"minecraft:netherite_leggings":1,"minecraft:loom":2,"minecraft:note_block":3,"minecraft:dripstone_block":5,"minecraft:firework_rocket":3,"minecraft:birch_fence_gate":4,"minecraft:heavy_weighted_pressure_plate":4,"minecraft:bread":5,"minecraft:iron_door":4,"minecraft:gravel":22,"minecraft:grindstone":1,"minecraft:crimson_door":2,"minecraft:andesite":7,"minecraft:air":8,"minecraft:white_concrete":26,"minecraft:bone_meal":48,"minecraft:netherite_sword":112,"minecraft:cherry_boat":6,"minecraft:crimson_fence":31,"minecraft:flint_and_steel":64,"minecraft:stone_shovel":131,"minecraft:redstone":7,"minecraft:wooden_shovel":64,"minecraft:stone_hoe":108,"minecraft:cooked_chicken":1,"minecraft:oak_door":4,"minecraft:dirt":3290,"minecraft:hopper":16,"minecraft:cobblestone_wall":201,"minecraft:diamond_helmet":1,"minecraft:stone_brick_slab":935,"minecraft:wooden_axe":97,"minecraft:bookshelf":73,"minecraft:crimson_slab":106,"minecraft:cherry_trapdoor":2,"minecraft:iron_boots":1,"minecraft:crimson_planks":27,"minecraft:light_gray_wool":1,"minecraft:golden_carrot":12,"minecraft:soul_soil":2,"minecraft:deepslate_tile_stairs":76,"minecraft:netherite_pickaxe":12009,"minecraft:minecart":3,"minecraft:cooked_beef":2,"minecraft:iron_leggings":1,"minecraft:cooked_mutton":14,"minecraft:amethyst_block":31,"minecraft:cobblestone_stairs":1,"minecraft:glass_bottle":7,"minecraft:polished_andesite":12,"minecraft:netherite_chestplate":1,"minecraft:baked_potato":161,"minecraft:stonecutter":2,"minecraft:chiseled_nether_bricks":12,"minecraft:cobblestone_slab":13,"minecraft:music_disc_cat":1,"minecraft:piston":7,"minecraft:flower_pot":1,"minecraft:chicken":2,"minecraft:stone_axe":78,"minecraft:pink_petals":242,"minecraft:fishing_rod":13,"minecraft:white_banner":8,"minecraft:bucket":182},"minecraft:picked_up":{"minecraft:wooden_axe":2,"minecraft:seagrass":33,"minecraft:birch_door":2,"minecraft:iron_chestplate":1,"minecraft:flower_pot":1,"minecraft:anvil":4,"minecraft:diamond_sword":3,"minecraft:smithing_table":4,"minecraft:stone_slab":3,"minecraft:enchanted_book":1,"minecraft:brewing_stand":2,"minecraft:amethyst_block":70,"minecraft:music_disc_cat":2,"minecraft:string":69,"minecraft:soul_soil":3,"minecraft:shroomlight":52,"minecraft:cherry_boat":4,"minecraft:diamond_leggings":1,"minecraft:gold_nugget":853,"minecraft:cobbled_deepslate":963,"minecraft:spruce_planks":1,"minecraft:melon_slice":22,"minecraft:composter":3,"minecraft:lightning_rod":1,"minecraft:cherry_log":271,"minecraft:deepslate_tile_stairs":4,"minecraft:cauldron":2,"minecraft:stone_sword":2,"minecraft:red_tulip":8,"minecraft:bookshelf":92,"minecraft:blaze_rod":40,"minecraft:snowball":96,"minecraft:birch_log":73,"minecraft:magma_block":121,"minecraft:feather":14,"minecraft:iron_door":4,"minecraft:birch_slab":3,"minecraft:water_bucket":4,"minecraft:brown_wool":1,"minecraft:flint":72,"minecraft:lantern":9,"minecraft:stonecutter":2,"minecraft:diamond_helmet":1,"minecraft:loom":2,"minecraft:polished_andesite":8,"minecraft:deepslate":1,"minecraft:granite":28,"minecraft:bread":3,"minecraft:cherry_slab":7,"minecraft:crimson_roots":9,"minecraft:diamond_pickaxe":3,"minecraft:crafting_table":5,"minecraft:heavy_weighted_pressure_plate":4,"minecraft:flint_and_steel":1,"minecraft:netherite_scrap":22,"minecraft:iron_shovel":2,"minecraft:cracked_stone_bricks":6,"minecraft:cartography_table":1,"minecraft:deepslate_diamond_ore":3,"minecraft:beef":63,"minecraft:iron_nugget":22,"minecraft:poppy":4,"minecraft:minecart":4,"minecraft:chest":4,"minecraft:birch_sapling":8,"minecraft:cherry_button":5,"minecraft:egg":14,"minecraft:stone":232,"minecraft:oak_door":4,"minecraft:fire_charge":4,"minecraft:carrot":100,"minecraft:netherite_pickaxe":3,"minecraft:redstone":528,"minecraft:mushroom_stem":3,"minecraft:diamond_chestplate":3,"minecraft:peony":10,"minecraft:shears":1,"minecraft:diamond_boots":1,"minecraft:hay_block":30,"minecraft:gold_ingot":17,"minecraft:glow_berries":3,"minecraft:mutton":31,"minecraft:white_wool":88,"minecraft:rail":121,"minecraft:oxeye_daisy":1,"minecraft:red_mushroom_block":26,"minecraft:oak_log":43,"minecraft:ancient_debris":10,"minecraft:white_banner":5,"minecraft:apple":1,"minecraft:stone_bricks":23,"minecraft:kelp":15,"minecraft:iron_sword":1,"minecraft:smooth_basalt":40,"minecraft:spyglass":2,"minecraft:gravel":712,"minecraft:crying_obsidian":26,"minecraft:coal_ore":50,"minecraft:stone_axe":2,"minecraft:diamond_axe":1,"minecraft:baked_potato":69,"minecraft:melon_seeds":2,"minecraft:pink_dye":146,"minecraft:hopper":2,"minecraft:ender_pearl":16,"minecraft:chiseled_deepslate":4,"minecraft:wheat":3,"minecraft:nether_brick_fence":5,"minecraft:potion":3,"minecraft:nether_brick":35,"minecraft:stone_brick_stairs":3,"minecraft:crimson_planks":1,"minecraft:raw_copper":156,"minecraft:deepslate_tiles":17,"minecraft:bucket":1,"minecraft:white_tulip":3,"minecraft:rose_bush":15,"minecraft:cobblestone_slab":1,"minecraft:ender_eye":2,"minecraft:calcite":23,"minecraft:iron_pickaxe":6,"minecraft:deepslate_tile_wall":1,"minecraft:iron_boots":4,"minecraft:furnace":8,"minecraft:stick":141,"minecraft:oak_fence":2,"minecraft:torch":221,"minecraft:porkchop":24,"minecraft:netherite_shovel":3,"minecraft:pointed_dripstone":87,"minecraft:diorite":124,"minecraft:rotten_flesh":137,"minecraft:obsidian":69,"minecraft:cod":2,"minecraft:cobblestone":782,"minecraft:pink_petals":2028,"minecraft:cherry_planks":40,"minecraft:andesite":27,"minecraft:golden_leggings":1,"minecraft:potato":863,"minecraft:tuff":75,"minecraft:light_gray_dye":3,"minecraft:lapis_lazuli":151,"minecraft:dirt":1913,"minecraft:name_tag":1,"minecraft:leather_boots":1,"minecraft:bone":93,"minecraft:bow":5,"minecraft:orange_tulip":6,"minecraft:wheat_seeds":155,"minecraft:raw_gold":56,"minecraft:grindstone":2,"minecraft:mossy_stone_bricks":3,"minecraft:fletching_table":5,"minecraft:bamboo":449,"minecraft:oak_planks":27,"minecraft:stone_hoe":1,"minecraft:cooked_porkchop":29,"minecraft:music_disc_13":1,"minecraft:sand":77,"minecraft:pink_stained_glass_pane":64,"minecraft:poisonous_potato":8,"minecraft:jungle_planks":3,"minecraft:grass_block":132,"minecraft:jungle_slab":1,"minecraft:spectral_arrow":72,"minecraft:clay":1,"minecraft:diamond":302,"minecraft:white_concrete":94,"minecraft:emerald":48,"minecraft:oak_sapling":4,"minecraft:netherrack":3490,"minecraft:charcoal":60,"minecraft:splash_potion":1,"minecraft:chicken":9,"minecraft:chest_minecart":1,"minecraft:packed_ice":419,"minecraft:wooden_pickaxe":2,"minecraft:gold_block":10,"minecraft:shield":1,"minecraft:iron_axe":3,"minecraft:wooden_sword":2,"minecraft:quartz_slab":52,"minecraft:birch_fence":10,"minecraft:blackstone":148,"minecraft:detector_rail":5,"minecraft:oak_boat":2,"minecraft:light_gray_wool":2,"minecraft:sugar_cane":226,"minecraft:phantom_membrane":1,"minecraft:raw_iron":190,"minecraft:orange_dye":6,"minecraft:copper_ingot":1,"minecraft:note_block":2,"minecraft:quartz_pillar":1,"minecraft:weeping_vines":9,"minecraft:arrow":82,"minecraft:nether_bricks":14,"minecraft:glistering_melon_slice":6,"minecraft:cracked_deepslate_tiles":3,"minecraft:basalt":71,"minecraft:golden_carrot":61,"minecraft:glow_ink_sac":10,"minecraft:crimson_stem":47,"minecraft:leather":55,"minecraft:birch_planks":16,"minecraft:ice":2,"minecraft:crimson_fungus":1,"minecraft:gunpowder":2,"minecraft:yellow_bed":1,"minecraft:nether_wart_block":6,"minecraft:cobblestone_wall":2,"minecraft:cobblestone_stairs":2,"minecraft:iron_ingot":34,"minecraft:soul_sand":24,"minecraft:book":48,"minecraft:pink_bed":1,"minecraft:warped_fungus":1,"minecraft:pumpkin":9,"minecraft:stone_brick_slab":86,"minecraft:quartz":697,"minecraft:dandelion":9,"minecraft:dripstone_block":21,"minecraft:amethyst_shard":30,"minecraft:blast_furnace":3,"minecraft:white_bed":2,"minecraft:mossy_stone_brick_slab":1,"minecraft:spider_eye":21,"minecraft:pumpkin_seeds":8,"minecraft:white_concrete_powder":1,"minecraft:iron_helmet":1,"minecraft:cherry_sapling":52,"minecraft:black_wool":3,"minecraft:coal":495},"minecraft:killed":{"minecraft:skeleton":54,"minecraft:chicken":7,"minecraft:zombie":93,"minecraft:cow":30,"minecraft:horse":12,"minecraft:enderman":1,"minecraft:witch":1,"minecraft:zombified_piglin":2,"minecraft:spider":29,"minecraft:bee":1,"minecraft:silverfish":12,"minecraft:piglin":2,"minecraft:pig":9,"minecraft:zombie_villager":4,"minecraft:creeper":10,"minecraft:sheep":15,"minecraft:ghast":1,"minecraft:blaze":19,"minecraft:phantom":7,"minecraft:drowned":1,"minecraft:bat":1,"minecraft:hoglin":8,"minecraft:wither_skeleton":5,"minecraft:villager":18},"minecraft:killed_by":{"minecraft:creeper":1},"minecraft:dropped":{"minecraft:iron_sword":2,"minecraft:lapis_lazuli":87,"minecraft:diamond":30,"minecraft:cooked_porkchop":10,"minecraft:dirt":85,"minecraft:birch_fence":2,"minecraft:cherry_button":1,"minecraft:bone_meal":29,"minecraft:iron_pickaxe":5,"minecraft:white_wool":5,"minecraft:bone":33,"minecraft:oak_door":2,"minecraft:sugar_cane":18,"minecraft:iron_nugget":18,"minecraft:pink_bed":1,"minecraft:cobbled_deepslate":3,"minecraft:netherite_sword":1,"minecraft:wheat":1,"minecraft:obsidian":13,"minecraft:rotten_flesh":10,"minecraft:oak_planks":10,"minecraft:blaze_powder":64,"minecraft:hopper":2,"minecraft:leather_boots":2,"minecraft:beef":2,"minecraft:crying_obsidian":1,"minecraft:stone_brick_stairs":3,"minecraft:egg":1,"minecraft:crimson_planks":1,"minecraft:enchanted_book":2,"minecraft:iron_ingot":1,"minecraft:netherite_pickaxe":1,"minecraft:wheat_seeds":111,"minecraft:dripstone_block":7,"minecraft:oak_fence":2,"minecraft:iron_helmet":1,"minecraft:feather":6,"minecraft:cobblestone":96,"minecraft:apple":1,"minecraft:granite":12,"minecraft:polished_andesite":8,"minecraft:golden_carrot":64,"minecraft:iron_shovel":2,"minecraft:string":10,"minecraft:stone_brick_slab":5,"minecraft:stone_sword":1,"minecraft:deepslate":1,"minecraft:iron_boots":3,"minecraft:stone_slab":3,"minecraft:nether_bricks":2,"minecraft:diamond_sword":2,"minecraft:potato":474,"minecraft:shroomlight":2,"minecraft:stone":55,"minecraft:spruce_planks":1,"minecraft:diamond_pickaxe":5,"minecraft:spider_eye":16,"minecraft:bamboo":1,"minecraft:bow":2,"minecraft:magma_block":12,"minecraft:quartz_slab":6,"minecraft:soul_sand":6,"minecraft:baked_potato":69,"minecraft:leather":19,"minecraft:jungle_planks":3,"minecraft:flint":8,"minecraft:ice":2,"minecraft:mutton":3,"minecraft:amethyst_shard":8,"minecraft:glistering_melon_slice":6,"minecraft:gold_ingot":99,"minecraft:gravel":142,"minecraft:blackstone":30,"minecraft:pointed_dripstone":64,"minecraft:cherry_sapling":6,"minecraft:mossy_stone_brick_slab":1,"minecraft:oak_fence_gate":2,"minecraft:soul_campfire":1,"minecraft:melon_seeds":2,"minecraft:chest":3,"minecraft:arrow":16,"minecraft:quartz":11,"minecraft:netherrack":1870,"minecraft:water_bucket":2,"minecraft:bread":6,"minecraft:smithing_table":1,"minecraft:minecart":3,"minecraft:spectral_arrow":1,"minecraft:amethyst_block":25,"minecraft:copper_ingot":1,"minecraft:grass_block":1,"minecraft:stick":52,"minecraft:diorite":7,"minecraft:torch":206,"minecraft:leather_horse_armor":1,"minecraft:white_concrete":68,"minecraft:brown_wool":1,"minecraft:fire_charge":1,"minecraft:iron_axe":3,"minecraft:pink_petals":1008,"minecraft:redstone":1,"minecraft:kelp":15,"minecraft:raw_copper":103,"minecraft:tuff":52,"minecraft:light_gray_wool":1,"minecraft:flint_and_steel":5,"minecraft:deepslate_bricks":1,"minecraft:diamond_chestplate":4,"minecraft:iron_chestplate":1,"minecraft:andesite":4,"minecraft:mossy_stone_bricks":3,"minecraft:oak_boat":1,"minecraft:wooden_pickaxe":1,"minecraft:raw_gold":7,"minecraft:calcite":7},"minecraft:crafted":{"minecraft:red_stained_glass_pane":8,"minecraft:oak_sign":3,"minecraft:pink_bed":1,"minecraft:blaze_powder":80,"minecraft:birch_slab":18,"minecraft:loom":1,"minecraft:diamond_shovel":5,"minecraft:nether_brick":88,"minecraft:bookshelf":6,"minecraft:cooked_mutton":14,"minecraft:glass":203,"minecraft:quartz_block":187,"minecraft:diamond_leggings":1,"minecraft:netherite_boots":1,"minecraft:polished_blackstone":60,"minecraft:iron_door":3,"minecraft:pink_stained_glass":64,"minecraft:wooden_shovel":1,"minecraft:emerald":22,"minecraft:soul_campfire":2,"minecraft:cooked_porkchop":11,"minecraft:diamond_axe":1,"minecraft:smithing_table":3,"minecraft:copper_ingot":21,"minecraft:nether_brick_fence":6,"minecraft:cartography_table":1,"minecraft:iron_pickaxe":5,"minecraft:iron_block":9,"minecraft:gold_ingot":283,"minecraft:light_gray_dye":3,"minecraft:netherite_ingot":22,"minecraft:composter":1,"minecraft:polished_blackstone_bricks":60,"minecraft:golden_carrot":36,"minecraft:saddle":12,"minecraft:stone_shovel":1,"minecraft:jukebox":1,"minecraft:leather_leggings":12,"minecraft:diamond_hoe":1,"minecraft:bone_meal":81,"minecraft:pink_dye":309,"minecraft:cherry_trapdoor":2,"minecraft:diamond":180,"minecraft:stone_pickaxe":3,"minecraft:diamond_boots":1,"minecraft:quartz_slab":408,"minecraft:redstone_block":54,"minecraft:golden_helmet":3,"minecraft:wheat":208,"minecraft:netherite_pickaxe":1,"minecraft:polished_blackstone_brick_slab":24,"minecraft:enchanting_table":1,"minecraft:crimson_slab":126,"minecraft:leather_helmet":22,"minecraft:deepslate_tiles":812,"minecraft:orange_dye":6,"minecraft:oak_fence_gate":2,"minecraft:wooden_axe":1,"minecraft:iron_shovel":7,"minecraft:iron_leggings":1,"minecraft:deepslate_tile_stairs":80,"minecraft:white_bed":7,"minecraft:note_block":1,"minecraft:oak_planks":172,"minecraft:cobblestone_slab":12,"minecraft:barrel":11,"minecraft:cherry_slab":48,"minecraft:leather_horse_armor":13,"minecraft:crimson_sign":6,"minecraft:cooked_chicken":5,"minecraft:lightning_rod":4,"minecraft:cherry_boat":1,"minecraft:stone":391,"minecraft:heavy_weighted_pressure_plate":3,"minecraft:quartz_pillar":4,"minecraft:cake":12,"minecraft:hopper":13,"minecraft:bow":1,"minecraft:iron_boots":1,"minecraft:chest":48,"minecraft:netherite_helmet":1,"minecraft:netherite_upgrade_smithing_template":58,"minecraft:stone_hoe":1,"minecraft:ender_eye":16,"minecraft:stone_bricks":208,"minecraft:cherry_fence":3,"minecraft:honeycomb_block":3,"minecraft:white_banner":4,"minecraft:item_frame":1,"minecraft:arrow":192,"minecraft:cauldron":3,"minecraft:crafting_table":59,"minecraft:iron_helmet":2,"minecraft:wooden_pickaxe":1,"minecraft:baked_potato":296,"minecraft:cherry_button":4,"minecraft:gold_block":26,"minecraft:birch_planks":280,"minecraft:pumpkin_seeds":44,"minecraft:apple":64,"minecraft:pink_wool":3,"minecraft:diamond_pickaxe":17,"minecraft:book":21,"minecraft:iron_chestplate":1,"minecraft:paper":72,"minecraft:charcoal":15,"minecraft:emerald_block":8,"minecraft:yellow_dye":2,"minecraft:shield":2,"minecraft:birch_fence":18,"minecraft:stick":568,"minecraft:iron_ingot":225,"minecraft:leather_chestplate":22,"minecraft:stone_sword":1,"minecraft:deepslate_bricks":816,"minecraft:shears":1,"minecraft:polished_andesite":84,"minecraft:cherry_planks":1040,"minecraft:cookie":216,"minecraft:wooden_sword":1,"minecraft:oak_door":6,"minecraft:fishing_rod":1,"minecraft:netherite_sword":1,"minecraft:leather_boots":7,"minecraft:furnace":3,"minecraft:diamond_block":20,"minecraft:glass_pane":176,"minecraft:flint_and_steel":5,"minecraft:netherite_chestplate":3,"minecraft:blue_ice":40,"minecraft:polished_deepslate":816,"minecraft:iron_axe":1,"minecraft:cobblestone_wall":246,"minecraft:netherite_scrap":32,"minecraft:minecart":3,"minecraft:glistering_melon_slice":6,"minecraft:cooked_beef":3,"minecraft:sugar":8,"minecraft:red_dye":39,"minecraft:crimson_planks":392,"minecraft:diamond_sword":1,"minecraft:iron_sword":4,"minecraft:nether_bricks":23,"minecraft:golden_shovel":1,"minecraft:bucket":6,"minecraft:stone_axe":1,"minecraft:amethyst_block":5,"minecraft:air":0,"minecraft:bread":243,"minecraft:oak_boat":4,"minecraft:gold_nugget":63,"minecraft:pink_stained_glass_pane":328,"minecraft:anvil":1,"minecraft:pumpkin_pie":48,"minecraft:andesite":68,"minecraft:torch":1232,"minecraft:clay":1,"minecraft:diamond_chestplate":2,"minecraft:firework_rocket":3},"minecraft:broken":{"minecraft:wooden_shovel":1,"minecraft:iron_boots":1,"minecraft:wooden_sword":1,"minecraft:iron_pickaxe":4,"minecraft:stone_pickaxe":3,"minecraft:stone_axe":1,"minecraft:wooden_axe":1,"minecraft:stone_shovel":1,"minecraft:golden_axe":1},"minecraft:mined":{"minecraft:white_bed":2,"minecraft:pink_bed":1,"minecraft:cherry_log":258,"minecraft:obsidian":45,"minecraft:granite":48,"minecraft:deepslate_tile_wall":1,"minecraft:deepslate_tile_stairs":5,"minecraft:hopper":1,"minecraft:crimson_fungus":1,"minecraft:spawner":1,"minecraft:weeping_vines_plant":8,"minecraft:tall_seagrass":20,"minecraft:magma_block":138,"minecraft:cobbled_deepslate":7,"minecraft:fire":57,"minecraft:pumpkin":11,"minecraft:fletching_table":4,"minecraft:deepslate_lapis_ore":13,"minecraft:potted_dandelion":1,"minecraft:cave_vines":1,"minecraft:dirt_path":13,"minecraft:small_amethyst_bud":1,"minecraft:quartz_slab":46,"minecraft:kelp_plant":21,"minecraft:crimson_nylium":43,"minecraft:amethyst_cluster":13,"minecraft:powder_snow":29,"minecraft:torch":39,"minecraft:note_block":2,"minecraft:melon":5,"minecraft:glass":16,"minecraft:sugar_cane":146,"minecraft:amethyst_block":50,"minecraft:cherry_slab":6,"minecraft:wheat":29,"minecraft:pumpkin_stem":3,"minecraft:birch_door":2,"minecraft:warped_fungus":1,"minecraft:stone_brick_stairs":4,"minecraft:loom":2,"minecraft:smooth_basalt":19,"minecraft:red_mushroom_block":26,"minecraft:stonecutter":2,"minecraft:deepslate":1381,"minecraft:infested_deepslate":2,"minecraft:deepslate_tiles":17,"minecraft:mossy_cobblestone":2,"minecraft:cherry_sapling":7,"minecraft:nether_bricks":46,"minecraft:jungle_planks":3,"minecraft:crimson_roots":9,"minecraft:cartography_table":1,"minecraft:kelp":1,"minecraft:white_concrete_powder":1,"minecraft:snow":10,"minecraft:andesite":50,"minecraft:potatoes":196,"minecraft:cobblestone_slab":1,"minecraft:rail":125,"minecraft:bamboo":207,"minecraft:white_wool":9,"minecraft:smithing_table":3,"minecraft:cherry_planks":37,"minecraft:soul_sand":11,"minecraft:stone_brick_slab":88,"minecraft:dandelion":2,"minecraft:short_grass":465,"minecraft:lightning_rod":1,"minecraft:tall_grass":69,"minecraft:copper_ore":43,"minecraft:deepslate_gold_ore":43,"minecraft:diorite":156,"minecraft:cobblestone_wall":2,"minecraft:spruce_log":1,"minecraft:birch_leaves":35,"minecraft:quartz_pillar":1,"minecraft:pink_stained_glass_pane":15,"minecraft:gravel":686,"minecraft:dripstone_block":15,"minecraft:cobweb":25,"minecraft:stone_bricks":60,"minecraft:gold_ore":15,"minecraft:fern":11,"minecraft:spruce_planks":2,"minecraft:farmland":2,"minecraft:mossy_stone_brick_slab":1,"minecraft:jungle_slab":1,"minecraft:cobblestone_stairs":2,"minecraft:sculk_vein":9,"minecraft:brewing_stand":1,"minecraft:spruce_trapdoor":3,"minecraft:cave_vines_plant":3,"minecraft:budding_amethyst":5,"minecraft:grass_block":1377,"minecraft:white_concrete":50,"minecraft:soul_soil":2,"minecraft:composter":2,"minecraft:iron_ore":114,"minecraft:anvil":4,"minecraft:red_tulip":8,"minecraft:pointed_dripstone":56,"minecraft:deepslate_redstone_ore":124,"minecraft:blackstone":66,"minecraft:clay":2,"minecraft:calcite":22,"minecraft:poppy":1,"minecraft:chest":4,"minecraft:mushroom_stem":3,"minecraft:nether_quartz_ore":447,"minecraft:cobblestone":31,"minecraft:grindstone":1,"minecraft:oak_planks":12,"minecraft:iron_door":12,"minecraft:wall_torch":43,"minecraft:cauldron":2,"minecraft:deepslate_copper_ore":1,"minecraft:pink_petals":609,"minecraft:seagrass":8,"minecraft:nether_wart_block":6,"minecraft:birch_log":6,"minecraft:orange_tulip":6,"minecraft:smooth_stone_slab":5,"minecraft:cracked_deepslate_tiles":3,"minecraft:oak_log":35,"minecraft:beetroots":7,"minecraft:sand":79,"minecraft:dirt":862,"minecraft:crimson_planks":1,"minecraft:netherrack":12420,"minecraft:ancient_debris":10,"minecraft:oak_leaves":96,"minecraft:nether_gold_ore":150,"minecraft:diamond_ore":64,"minecraft:crying_obsidian":2,"minecraft:tuff":136,"minecraft:deepslate_diamond_ore":69,"minecraft:oak_door":4,"minecraft:glow_lichen":2,"minecraft:weeping_vines":5,"minecraft:soul_campfire":1,"minecraft:birch_slab":3,"minecraft:crimson_stem":49,"minecraft:hay_block":27,"minecraft:furnace":8,"minecraft:heavy_weighted_pressure_plate":4,"minecraft:carrots":46,"minecraft:chiseled_deepslate":4,"minecraft:peony":12,"minecraft:gold_block":7,"minecraft:nether_brick_fence":5,"minecraft:bookshelf":28,"minecraft:deepslate_iron_ore":66,"minecraft:shroomlight":21,"minecraft:packed_ice":450,"minecraft:stone":1474,"minecraft:white_tulip":7,"minecraft:infested_stone_bricks":7,"minecraft:snow_block":31,"minecraft:basalt":72,"minecraft:oak_fence":2,"minecraft:crafting_table":5,"minecraft:rose_bush":17,"minecraft:stone_slab":4,"minecraft:lapis_ore":4,"minecraft:sculk":61,"minecraft:spruce_stairs":1,"minecraft:birch_planks":16,"minecraft:ice":2,"minecraft:white_wall_banner":2,"minecraft:yellow_bed":2,"minecraft:coal_ore":434,"minecraft:cherry_leaves":305,"minecraft:cracked_stone_bricks":26,"minecraft:mossy_stone_bricks":16,"minecraft:birch_fence":8}},"DataVersion":3700}