{"stats":{"minecraft:used":{"minecraft:wooden_axe":18,"minecraft:stone_pickaxe":121,"minecraft:wooden_pickaxe":20,"minecraft:torch":5,"minecraft:mutton":1,"minecraft:crafting_table":2,"minecraft:furnace":1,"minecraft:oak_sapling":1,"minecraft:white_bed":1},"minecraft:custom":{"minecraft:interact_with_furnace":2,"minecraft:time_since_rest":3651,"minecraft:sprint_one_cm":33588,"minecraft:damage_taken":150,"minecraft:walk_one_cm":27188,"minecraft:mob_kills":3,"minecraft:damage_dealt":240,"minecraft:interact_with_crafting_table":6,"minecraft:fly_one_cm":42395,"minecraft:crouch_one_cm":357,"minecraft:play_time":13997,"minecraft:sneak_time":148,"minecraft:jump":207,"minecraft:leave_game":1,"minecraft:time_since_death":13997,"minecraft:sleep_in_bed":2,"minecraft:total_world_time":13997,"minecraft:fall_one_cm":10674},"minecraft:picked_up":{"minecraft:crafting_table":1,"minecraft:stick":3,"minecraft:raw_iron":4,"minecraft:oak_log":11,"minecraft:cherry_log":6,"minecraft:diorite":1,"minecraft:dirt":11,"minecraft:raw_copper":52,"minecraft:wheat_seeds":1,"minecraft:granite":31,"minecraft:cherry_sapling":1,"minecraft:oak_sapling":1,"minecraft:mutton":5,"minecraft:coal":65,"minecraft:white_wool":3,"minecraft:cobblestone":26,"minecraft:egg":3},"minecraft:killed":{"minecraft:sheep":3},"minecraft:crafted":{"minecraft:cherry_planks":24,"minecraft:wooden_sword":1,"minecraft:oak_planks":4,"minecraft:crafting_table":1,"minecraft:stick":12,"minecraft:iron_pickaxe":1,"minecraft:iron_ingot":4,"minecraft:wooden_pickaxe":1,"minecraft:stone_pickaxe":1,"minecraft:wooden_axe":1,"minecraft:furnace":1,"minecraft:white_bed":1,"minecraft:torch":8,"minecraft:air":0},"minecraft:mined":{"minecraft:iron_ore":4,"minecraft:cherry_log":6,"minecraft:crafting_table":1,"minecraft:granite":31,"minecraft:short_grass":2,"minecraft:coal_ore":65,"minecraft:grass_block":3,"minecraft:oak_log":11,"minecraft:cherry_leaves":28,"minecraft:dirt":8,"minecraft:copper_ore":14,"minecraft:stone":26,"minecraft:diorite":1,"minecraft:oak_leaves":2}},"DataVersion":3700}