{"stats":{"minecraft:custom":{"minecraft:interact_with_crafting_table":135,"minecraft:open_barrel":10,"minecraft:leave_game":19,"minecraft:time_since_death":54966,"minecraft:sprint_one_cm":2579700,"minecraft:damage_blocked_by_shield":1417,"minecraft:drop":237,"minecraft:play_time":1007990,"minecraft:deaths":3,"minecraft:jump":9442,"minecraft:walk_on_water_one_cm":99432,"minecraft:interact_with_furnace":118,"minecraft:sleep_in_bed":20,"minecraft:damage_dealt":25848,"minecraft:crouch_one_cm":29586,"minecraft:interact_with_smoker":12,"minecraft:interact_with_smithing_table":1,"minecraft:mob_kills":186,"minecraft:interact_with_anvil":1,"minecraft:climb_one_cm":13223,"minecraft:walk_one_cm":3163889,"minecraft:sneak_time":11786,"minecraft:walk_under_water_one_cm":211077,"minecraft:boat_one_cm":583444,"minecraft:total_world_time":1007990,"minecraft:tune_noteblock":8,"minecraft:time_since_rest":55136,"minecraft:damage_taken":6250,"minecraft:minecart_one_cm":11813,"minecraft:swim_one_cm":78777,"minecraft:fly_one_cm":884459,"minecraft:open_chest":351,"minecraft:fall_one_cm":159641},"minecraft:used":{"minecraft:iron_shovel":1360,"minecraft:oak_sign":9,"minecraft:chest":20,"minecraft:shield":27,"minecraft:iron_sword":424,"minecraft:rotten_flesh":9,"minecraft:soul_sand":2,"minecraft:obsidian":15,"minecraft:glass":15,"minecraft:lantern":9,"minecraft:grass_block":1,"minecraft:birch_sapling":14,"minecraft:iron_helmet":1,"minecraft:crimson_roots":1,"minecraft:oak_sapling":75,"minecraft:furnace":6,"minecraft:potato":653,"minecraft:golden_boots":1,"minecraft:diorite":13,"minecraft:stone_pickaxe":1162,"minecraft:oak_planks":432,"minecraft:wooden_pickaxe":8,"minecraft:composter":3,"minecraft:blue_bed":6,"minecraft:oak_leaves":119,"minecraft:glow_berries":3,"minecraft:sand":1,"minecraft:shears":154,"minecraft:pumpkin_seeds":14,"minecraft:lightning_rod":2,"minecraft:birch_fence":3,"minecraft:birch_slab":10,"minecraft:bread":3,"minecraft:cooked_rabbit":3,"minecraft:andesite":14,"minecraft:oak_boat":3,"minecraft:chest_minecart":1,"minecraft:bone_meal":18,"minecraft:oak_fence":6,"minecraft:oak_trapdoor":31,"minecraft:flint_and_steel":3,"minecraft:stone_shovel":407,"minecraft:cooked_salmon":5,"minecraft:cooked_chicken":1,"minecraft:stone_hoe":85,"minecraft:netherrack":30,"minecraft:oak_door":9,"minecraft:torch":274,"minecraft:dirt":659,"minecraft:spyglass":27,"minecraft:yellow_carpet":2,"minecraft:granite":30,"minecraft:iron_hoe":148,"minecraft:iron_axe":910,"minecraft:iron_boots":1,"minecraft:melon_seeds":11,"minecraft:diamond_chestplate":1,"minecraft:minecart":1,"minecraft:cooked_beef":11,"minecraft:cobbled_deepslate":231,"minecraft:cherry_log":2,"minecraft:iron_leggings":1,"minecraft:cooked_mutton":13,"minecraft:water_bucket":63,"minecraft:birch_planks":589,"minecraft:baked_potato":85,"minecraft:oak_slab":40,"minecraft:crafting_table":9,"minecraft:birch_sign":3,"minecraft:white_bed":2,"minecraft:smoker":1,"minecraft:oak_log":146,"minecraft:blue_stained_glass_pane":80,"minecraft:ender_eye":7,"minecraft:diamond_pickaxe":902,"minecraft:apple":6,"minecraft:iron_pickaxe":594,"minecraft:stone_axe":247,"minecraft:blue_carpet":2,"minecraft:cobblestone":175,"minecraft:potion":1,"minecraft:cooked_porkchop":24,"minecraft:bucket":64,"minecraft:kelp":52,"minecraft:birch_stairs":20},"minecraft:picked_up":{"minecraft:diamond_sword":1,"minecraft:potion":4,"minecraft:enchanted_book":3,"minecraft:string":19,"minecraft:raw_copper":121,"minecraft:oak_sign":1,"minecraft:blue_stained_glass_pane":8,"minecraft:diamond_leggings":1,"minecraft:gold_nugget":15,"minecraft:cobbled_deepslate":809,"minecraft:red_dye":1,"minecraft:ender_eye":5,"minecraft:iron_pickaxe":1,"minecraft:furnace":2,"minecraft:stick":125,"minecraft:torch":151,"minecraft:porkchop":46,"minecraft:cherry_log":199,"minecraft:diorite":21,"minecraft:rotten_flesh":37,"minecraft:blaze_rod":3,"minecraft:obsidian":25,"minecraft:blaze_powder":64,"minecraft:cobblestone":855,"minecraft:birch_log":142,"minecraft:pink_petals":1488,"minecraft:feather":2,"minecraft:water_bucket":1,"minecraft:cherry_leaves":4,"minecraft:birch_slab":3,"minecraft:andesite":35,"minecraft:potato":1677,"minecraft:flint":3,"minecraft:tuff":16,"minecraft:lapis_lazuli":87,"minecraft:dirt":1384,"minecraft:bone":12,"minecraft:wheat_seeds":34,"minecraft:raw_gold":39,"minecraft:diamond_helmet":1,"minecraft:rabbit":3,"minecraft:oak_planks":108,"minecraft:poisonous_potato":12,"minecraft:sand":120,"minecraft:grass_block":1,"minecraft:spectral_arrow":28,"minecraft:diamond":62,"minecraft:granite":56,"minecraft:emerald":1,"minecraft:bread":5,"minecraft:oak_sapling":88,"minecraft:netherrack":497,"minecraft:oak_leaves":140,"minecraft:crimson_roots":3,"minecraft:diamond_pickaxe":4,"minecraft:charcoal":4,"minecraft:crafting_table":2,"minecraft:chicken":4,"minecraft:clay_ball":68,"minecraft:chest_minecart":1,"minecraft:wooden_pickaxe":4,"minecraft:shield":1,"minecraft:cornflower":10,"minecraft:oak_trapdoor":10,"minecraft:iron_axe":3,"minecraft:flint_and_steel":1,"minecraft:iron_shovel":1,"minecraft:birch_fence":1,"minecraft:detector_rail":10,"minecraft:beef":27,"minecraft:oak_boat":2,"minecraft:minecart":2,"minecraft:iron_nugget":33,"minecraft:poppy":1,"minecraft:light_gray_wool":1,"minecraft:sugar_cane":18,"minecraft:birch_sapling":18,"minecraft:phantom_membrane":6,"minecraft:raw_iron":188,"minecraft:oak_door":11,"minecraft:fire_charge":2,"minecraft:redstone":8,"minecraft:arrow":17,"minecraft:diamond_chestplate":2,"minecraft:beetroot_seeds":6,"minecraft:nether_bricks":1,"minecraft:diamond_boots":1,"minecraft:gold_ingot":5,"minecraft:glow_berries":12,"minecraft:mutton":16,"minecraft:rail":1,"minecraft:white_wool":21,"minecraft:soul_campfire":1,"minecraft:oxeye_daisy":2,"minecraft:birch_leaves":6,"minecraft:glow_ink_sac":3,"minecraft:salmon":6,"minecraft:leather":52,"minecraft:yellow_dye":6,"minecraft:birch_planks":101,"minecraft:oak_log":343,"minecraft:golden_boots":1,"minecraft:nether_wart_block":1,"minecraft:blue_bed":5,"minecraft:apple":10,"minecraft:stone_bricks":2,"minecraft:kelp":362,"minecraft:rabbit_hide":1,"minecraft:iron_ingot":1,"minecraft:stone_pickaxe":2,"minecraft:glass_bottle":1,"minecraft:soul_sand":14,"minecraft:iron_sword":2,"minecraft:oak_slab":1,"minecraft:quartz":4,"minecraft:dandelion":10,"minecraft:spyglass":1,"minecraft:dripstone_block":2,"minecraft:gravel":36,"minecraft:birch_stairs":1,"minecraft:white_bed":1,"minecraft:crying_obsidian":11,"minecraft:stone_axe":2,"minecraft:birch_sign":2,"minecraft:cherry_sapling":112,"minecraft:baked_potato":69,"minecraft:pink_dye":60,"minecraft:coal":162,"minecraft:ender_pearl":3},"minecraft:killed":{"minecraft:cave_spider":4,"minecraft:zombified_piglin":1,"minecraft:spider":8,"minecraft:skeleton":30,"minecraft:chicken":3,"minecraft:silverfish":22,"minecraft:magma_cube":3,"minecraft:piglin":1,"minecraft:pig":15,"minecraft:zombie_villager":1,"minecraft:salmon":6,"minecraft:sheep":12,"minecraft:pillager":1,"minecraft:zombie":39,"minecraft:cow":11,"minecraft:blaze":2,"minecraft:phantom":12,"minecraft:rabbit":3,"minecraft:hoglin":4,"minecraft:wither_skeleton":2,"minecraft:enderman":4},"minecraft:killed_by":{"minecraft:zombie":1,"minecraft:skeleton":1},"minecraft:dropped":{"minecraft:oak_log":4,"minecraft:baked_potato":39,"minecraft:glow_ink_sac":3,"minecraft:glass_bottle":1,"minecraft:diamond":1,"minecraft:glow_berries":6,"minecraft:birch_slab":4,"minecraft:dirt":96,"minecraft:birch_fence":1,"minecraft:yellow_dye":3,"minecraft:gold_ingot":36,"minecraft:bone":2,"minecraft:oak_door":7,"minecraft:gravel":1,"minecraft:iron_nugget":1,"minecraft:pink_bed":1,"minecraft:detector_rail":5,"minecraft:cobbled_deepslate":114,"minecraft:obsidian":1,"minecraft:rotten_flesh":12,"minecraft:oak_planks":6,"minecraft:poppy":1,"minecraft:beetroot_seeds":6,"minecraft:arrow":5,"minecraft:netherrack":13,"minecraft:blue_stained_glass_pane":8,"minecraft:birch_leaves":6,"minecraft:wheat_seeds":4,"minecraft:poisonous_potato":3,"minecraft:oak_fence":3,"minecraft:feather":2,"minecraft:cobblestone":95,"minecraft:granite":1,"minecraft:stick":73,"minecraft:oxeye_daisy":2,"minecraft:potion":3,"minecraft:iron_axe":3,"minecraft:string":2,"minecraft:pink_petals":332,"minecraft:music_disc_cat":1,"minecraft:dandelion":5,"minecraft:furnace":1,"minecraft:kelp":64,"minecraft:raw_copper":25,"minecraft:name_tag":1,"minecraft:diamond_sword":1,"minecraft:potato":101,"minecraft:diamond_pickaxe":1,"minecraft:oak_sapling":2,"minecraft:wooden_pickaxe":3},"minecraft:crafted":{"minecraft:oak_planks":724,"minecraft:oak_sign":12,"minecraft:pink_bed":1,"minecraft:blaze_powder":6,"minecraft:cooked_chicken":1,"minecraft:birch_slab":18,"minecraft:lightning_rod":2,"minecraft:blue_stained_glass_pane":88,"minecraft:cooked_mutton":13,"minecraft:glass":51,"minecraft:diamond_helmet":1,"minecraft:diamond_leggings":1,"minecraft:iron_boots":1,"minecraft:chest":20,"minecraft:stone_hoe":1,"minecraft:ender_eye":2,"minecraft:oak_fence":9,"minecraft:cooked_rabbit":3,"minecraft:smoker":1,"minecraft:golden_boots":1,"minecraft:oak_slab":66,"minecraft:cooked_porkchop":24,"minecraft:crafting_table":7,"minecraft:iron_helmet":1,"minecraft:wooden_pickaxe":1,"minecraft:baked_potato":94,"minecraft:copper_ingot":6,"minecraft:birch_planks":552,"minecraft:iron_chestplate":1,"minecraft:charcoal":22,"minecraft:yellow_dye":5,"minecraft:shield":1,"minecraft:birch_fence":3,"minecraft:stick":88,"minecraft:iron_ingot":155,"minecraft:iron_pickaxe":3,"minecraft:gold_ingot":31,"minecraft:composter":3,"minecraft:birch_stairs":24,"minecraft:shears":1,"minecraft:cherry_planks":168,"minecraft:oak_door":6,"minecraft:stone_shovel":3,"minecraft:iron_nugget":45,"minecraft:spyglass":1,"minecraft:furnace":6,"minecraft:bone_meal":18,"minecraft:pink_dye":5,"minecraft:white_carpet":6,"minecraft:oak_trapdoor":24,"minecraft:glass_pane":96,"minecraft:lantern":9,"minecraft:iron_axe":4,"minecraft:iron_hoe":1,"minecraft:stone_pickaxe":9,"minecraft:diamond_boots":1,"minecraft:birch_sign":3,"minecraft:cooked_beef":26,"minecraft:yellow_carpet":2,"minecraft:iron_sword":1,"minecraft:blue_bed":1,"minecraft:cooked_salmon":6,"minecraft:bucket":3,"minecraft:stone_axe":2,"minecraft:air":0,"minecraft:blue_dye":15,"minecraft:oak_boat":1,"minecraft:iron_shovel":6,"minecraft:iron_leggings":1,"minecraft:white_bed":3,"minecraft:torch":204,"minecraft:blue_carpet":2,"minecraft:diamond_chestplate":1},"minecraft:broken":{"minecraft:iron_shovel":4,"minecraft:stone_pickaxe":8,"minecraft:stone_axe":2,"minecraft:stone_shovel":3,"minecraft:iron_axe":3,"minecraft:iron_pickaxe":2},"minecraft:mined":{"minecraft:white_bed":1,"minecraft:oak_sapling":9,"minecraft:cherry_log":198,"minecraft:obsidian":6,"minecraft:granite":44,"minecraft:grass_block":801,"minecraft:soul_soil":1,"minecraft:oxeye_daisy":1,"minecraft:spawner":1,"minecraft:tall_seagrass":4,"minecraft:iron_ore":124,"minecraft:cobbled_deepslate":14,"minecraft:fire":14,"minecraft:deepslate_lapis_ore":4,"minecraft:pointed_dripstone":1,"minecraft:dirt_path":1,"minecraft:deepslate_redstone_ore":3,"minecraft:kelp_plant":49,"minecraft:soul_fire":1,"minecraft:clay":17,"minecraft:torch":9,"minecraft:nether_quartz_ore":4,"minecraft:cobblestone":17,"minecraft:oak_planks":91,"minecraft:wall_torch":27,"minecraft:deepslate_copper_ore":6,"minecraft:birch_sapling":2,"minecraft:pink_petals":225,"minecraft:seagrass":4,"minecraft:nether_wart_block":1,"minecraft:birch_log":142,"minecraft:oak_log":336,"minecraft:sand":118,"minecraft:dirt":802,"minecraft:netherrack":502,"minecraft:oak_leaves":267,"minecraft:deepslate":652,"minecraft:infested_deepslate":2,"minecraft:nether_gold_ore":4,"minecraft:tuff":51,"minecraft:deepslate_diamond_ore":49,"minecraft:oak_door":7,"minecraft:cherry_sapling":1,"minecraft:crimson_roots":4,"minecraft:birch_slab":1,"minecraft:kelp":4,"minecraft:redstone_ore":2,"minecraft:oak_trapdoor":10,"minecraft:furnace":1,"minecraft:andesite":53,"minecraft:potatoes":438,"minecraft:deepslate_iron_ore":59,"minecraft:stone":761,"minecraft:oak_slab":1,"minecraft:birch_stairs":1,"minecraft:dandelion":6,"minecraft:oak_fence":1,"minecraft:crafting_table":3,"minecraft:cornflower":9,"minecraft:short_grass":119,"minecraft:emerald_ore":1,"minecraft:tall_grass":25,"minecraft:copper_ore":9,"minecraft:lapis_ore":11,"minecraft:deepslate_gold_ore":32,"minecraft:sculk":1,"minecraft:diorite":41,"minecraft:blue_bed":5,"minecraft:birch_planks":101,"minecraft:birch_leaves":31,"minecraft:coal_ore":162,"minecraft:cherry_leaves":45,"minecraft:gravel":61,"minecraft:dripstone_block":6,"minecraft:cobweb":16,"minecraft:cracked_stone_bricks":2,"minecraft:birch_sign":1,"minecraft:stone_bricks":5,"minecraft:mossy_stone_bricks":2,"minecraft:gold_ore":3,"minecraft:birch_fence":1}},"DataVersion":3700}